"","X","internettbruk","kjonn","alder","utdanning","tillit"
"1",1,5,2,67,18,8
"2",2,5,1,45,11,6
"3",3,1,2,73,8,0
"4",4,5,1,21,8,NA
"5",5,1,2,86,3,6
"6",6,5,2,53,17,6
"7",7,1,1,77,18,0
"8",8,5,2,35,18,3
"9",9,1,2,66,16,6
"10",10,4,1,52,10,6
"11",11,1,2,83,5,NA
"12",12,1,2,86,3,7
"13",13,1,1,62,5,5
"14",14,5,1,40,20,6
"15",15,5,2,52,11,8
"16",16,5,1,20,13,5
"17",17,5,2,57,13,5
"18",18,4,2,51,16,4
"19",19,5,1,46,13,7
"20",20,3,1,38,NA,3
"21",21,5,2,74,11,3
"22",22,5,1,24,16,3
"23",23,2,2,48,12,4
"24",24,5,2,27,NA,6
"25",25,5,2,32,18,2
"26",26,4,1,38,9,3
"27",27,5,1,29,19,0
"28",28,4,1,16,8,NA
"29",29,1,2,65,8,3
"30",30,5,2,45,8,6
"31",31,5,2,27,13,7
"32",32,5,2,22,13,4
"33",33,2,1,42,11,7
"34",34,5,1,51,13,5
"35",35,5,2,53,14,5
"36",36,5,2,49,14,5
"37",37,1,2,80,NA,0
"38",38,1,2,81,2,5
"39",39,5,1,74,21,2
"40",40,1,1,90,6,4
"41",41,3,2,55,11,7
"42",42,5,2,51,8,6
"43",43,2,1,49,15,4
"44",44,2,1,50,10,2
"45",45,3,2,71,5,4
"46",46,5,2,62,16,1
"47",47,2,1,45,13,4
"48",48,3,2,42,21,4
"49",49,5,1,34,14,3
"50",50,5,2,23,16,4
"51",51,5,2,48,13,7
"52",52,3,1,51,10,2
"53",53,3,1,62,8,4
"54",54,5,1,61,13,4
"55",55,1,2,79,10,7
"56",56,5,2,46,13,4
"57",57,5,1,26,16,10
"58",58,5,2,32,13,3
"59",59,4,2,48,13,10
"60",60,3,1,64,7,5
"61",61,5,1,26,19,6
"62",62,5,1,51,18,8
"63",63,5,1,32,13,5
"64",64,4,1,21,13,7
"65",65,1,1,56,13,6
"66",66,1,2,70,13,0
"67",67,1,2,76,5,3
"68",68,5,1,39,13,8
"69",69,5,2,59,13,0
"70",70,5,2,28,8,8
"71",71,1,2,82,5,2
"72",72,5,2,44,14,5
"73",73,4,1,53,12,5
"74",74,4,1,72,NA,8
"75",75,2,1,55,13,7
"76",76,5,2,41,13,6
"77",77,4,2,64,12,4
"78",78,1,2,84,5,5
"79",79,5,2,41,14,5
"80",80,3,1,70,7,5
"81",81,3,2,46,16,5
"82",82,1,1,64,5,7
"83",83,1,1,74,8,7
"84",84,5,1,27,13,NA
"85",85,5,2,52,19,7
"86",86,1,1,59,8,6
"87",87,2,2,64,8,0
"88",88,5,2,23,13,8
"89",89,1,2,90,NA,2
"90",90,5,2,25,NA,3
"91",91,4,1,58,9,5
"92",92,5,2,21,15,5
"93",93,5,2,16,9,6
"94",94,2,2,74,12,6
"95",95,1,1,80,10,0
"96",96,2,2,55,13,6
"97",97,5,1,50,7,6
"98",98,5,2,33,13,0
"99",99,1,1,81,8,7
"100",100,4,1,43,13,0
"101",101,1,2,NA,NA,5
"102",102,4,1,52,18,NA
"103",103,5,2,63,13,1
"104",104,5,2,30,20,0
"105",105,2,2,46,13,5
"106",106,5,2,52,8,5
"107",107,1,1,81,6,0
"108",108,5,2,18,11,6
"109",109,1,1,77,8,0
"110",110,1,2,80,5,9
"111",111,5,2,69,16,6
"112",112,4,1,69,6,6
"113",113,3,2,66,13,4
"114",114,1,2,80,11,5
"115",115,5,2,31,19,5
"116",116,5,2,50,13,3
"117",117,2,2,89,14,6
"118",118,3,1,53,8,5
"119",119,5,2,42,13,6
"120",120,5,2,23,16,5
"121",121,3,1,59,8,4
"122",122,5,2,52,9,4
"123",123,5,2,22,16,3
"124",124,4,1,71,11,5
"125",125,1,2,77,12,8
"126",126,2,2,83,14,4
"127",127,5,2,43,13,7
"128",128,3,1,69,13,1
"129",129,4,1,50,11,5
"130",130,2,1,54,8,5
"131",131,5,2,19,13,6
"132",132,1,1,59,16,3
"133",133,5,1,17,12,5
"134",134,5,2,46,12,7
"135",135,5,2,24,17,5
"136",136,4,2,42,15,8
"137",137,5,2,60,14,7
"138",138,1,2,85,5,0
"139",139,3,2,56,16,4
"140",140,5,2,54,20,8
"141",141,1,1,64,10,0
"142",142,2,2,74,8,0
"143",143,4,2,48,17,5
"144",144,1,2,83,5,NA
"145",145,5,1,35,8,8
"146",146,1,2,76,8,8
"147",147,4,1,35,12,5
"148",148,5,2,21,17,5
"149",149,1,1,60,5,0
"150",150,5,2,17,10,5
"151",151,5,2,57,13,8
"152",152,4,2,67,13,2
"153",153,4,2,37,13,NA
"154",154,5,1,52,19,3
"155",155,2,1,44,8,7
"156",156,5,2,48,10,6
"157",157,4,1,57,10,3
"158",158,1,2,64,2,0
"159",159,5,2,32,18,4
"160",160,1,1,67,12,3
"161",161,4,2,48,11,1
"162",162,4,1,66,13,7
"163",163,5,2,19,12,2
"164",164,1,2,57,14,3
"165",165,5,2,43,9,6
"166",166,NA,1,82,5,5
"167",167,3,2,40,15,0
"168",168,1,2,71,5,NA
"169",169,2,1,45,8,5
"170",170,1,2,71,5,2
"171",171,5,1,19,8,2
"172",172,5,1,33,12,0
"173",173,5,1,68,9,10
"174",174,2,1,70,12,5
"175",175,5,2,28,18,5
"176",176,5,2,67,20,5
"177",177,1,2,83,12,3
"178",178,5,1,67,20,5
"179",179,5,1,18,11,7
"180",180,5,2,26,14,5
"181",181,3,2,55,8,4
"182",182,5,1,33,17,5
"183",183,5,2,50,13,3
"184",184,5,1,53,13,5
"185",185,5,1,48,13,5
"186",186,5,2,47,8,5
"187",187,5,2,38,13,3
"188",188,3,1,32,8,3
"189",189,5,1,40,13,5
"190",190,4,1,42,11,4
"191",191,1,2,69,8,7
"192",192,5,1,22,8,3
"193",193,5,2,46,13,3
"194",194,5,2,29,23,0
"195",195,5,1,42,16,3
"196",196,5,2,44,18,3
"197",197,5,2,46,11,4
"198",198,2,1,64,11,3
"199",199,5,1,23,16,6
"200",200,1,2,63,13,1
"201",201,4,1,60,8,0
"202",202,5,1,60,17,8
"203",203,5,1,33,8,0
"204",204,5,1,24,18,3
"205",205,5,2,37,NA,5
"206",206,4,2,44,11,1
"207",207,3,1,43,5,10
"208",208,4,2,40,14,0
"209",209,5,1,31,8,5
"210",210,2,2,67,8,10
"211",211,1,2,81,14,5
"212",212,5,2,32,8,1
"213",213,4,2,70,8,6
"214",214,5,1,33,13,9
"215",215,1,1,75,7,3
"216",216,5,2,34,13,3
"217",217,3,2,50,NA,6
"218",218,1,2,68,5,8
"219",219,1,2,72,8,2
"220",220,3,1,76,13,3
"221",221,5,1,61,9,8
"222",222,5,2,51,18,8
"223",223,1,2,86,5,5
"224",224,5,2,41,14,4
"225",225,5,2,28,18,5
"226",226,5,1,25,13,2
"227",227,5,1,42,13,7
"228",228,1,1,66,5,2
"229",229,5,2,19,12,4
"230",230,5,1,63,13,6
"231",231,5,1,19,12,6
"232",232,5,2,28,8,2
"233",233,1,2,82,13,5
"234",234,5,1,41,13,5
"235",235,4,2,76,5,8
"236",236,5,2,36,13,6
"237",237,4,2,36,16,4
"238",238,4,1,55,8,5
"239",239,5,1,75,14,6
"240",240,1,2,74,8,6
"241",241,5,2,30,13,0
"242",242,5,1,41,13,5
"243",243,5,2,35,13,0
"244",244,5,2,29,13,0
"245",245,4,1,50,11,6
"246",246,1,1,86,5,2
"247",247,5,2,72,17,5
"248",248,4,1,30,13,0
"249",249,5,2,43,24,5
"250",250,4,2,35,13,4
"251",251,5,2,75,18,6
"252",252,4,2,57,18,5
"253",253,4,1,43,12,2
"254",254,5,2,17,13,6
"255",255,3,2,17,6,5
"256",256,2,2,60,12,5
"257",257,1,2,49,10,5
"258",258,2,1,57,18,6
"259",259,1,2,70,5,0
"260",260,5,2,24,17,2
"261",261,2,1,66,14,6
"262",262,3,1,69,8,0
"263",263,1,1,73,5,6
"264",264,4,1,39,15,0
"265",265,5,2,66,NA,5
"266",266,5,1,63,13,6
"267",267,1,2,88,5,0
"268",268,5,2,22,18,2
"269",269,3,1,64,8,4
"270",270,5,1,32,17,6
"271",271,5,1,45,8,0
"272",272,4,2,49,8,6
"273",273,5,2,33,13,8
"274",274,4,1,40,19,2
"275",275,5,1,55,NA,7
"276",276,5,1,33,21,4
"277",277,5,1,56,8,7
"278",278,5,2,27,13,0
"279",279,5,2,25,16,8
"280",280,4,1,40,18,5
"281",281,5,1,52,19,6
"282",282,3,2,55,11,4
"283",283,2,2,46,13,7
"284",284,1,2,84,4,5
"285",285,4,1,48,19,0
"286",286,1,2,47,5,5
"287",287,5,1,35,13,7
"288",288,4,1,27,NA,0
"289",289,1,1,72,5,0
"290",290,1,1,77,8,5
"291",291,1,2,90,5,2
"292",292,5,1,41,10,4
"293",293,1,1,71,8,3
"294",294,1,2,63,8,7
"295",295,4,2,65,15,4
"296",296,2,2,72,13,4
"297",297,3,2,48,10,6
"298",298,4,1,71,8,5
"299",299,4,2,66,18,5
"300",300,1,1,45,8,0
"301",301,3,1,58,12,6
"302",302,5,2,34,15,6
"303",303,5,2,24,16,10
"304",304,1,1,84,5,0
"305",305,5,2,18,14,7
"306",306,4,2,67,8,6
"307",307,1,1,81,5,7
"308",308,5,1,30,13,4
"309",309,4,1,53,8,3
"310",310,5,1,37,15,0
"311",311,5,1,28,14,7
"312",312,5,1,19,13,10
"313",313,1,2,79,5,NA
"314",314,5,1,25,18,5
"315",315,1,1,62,NA,0
"316",316,5,1,63,12,0
"317",317,5,1,16,12,6
"318",318,5,1,42,8,NA
"319",319,1,2,58,13,3
"320",320,5,2,21,13,4
"321",321,4,1,21,NA,7
"322",322,5,2,23,18,6
"323",323,1,2,77,8,2
"324",324,4,1,55,8,3
"325",325,4,2,60,13,5
"326",326,1,2,68,13,0
"327",327,4,1,68,17,5
"328",328,1,2,82,1,0
"329",329,5,1,47,18,0
"330",330,1,2,76,5,2
"331",331,5,1,36,17,5
"332",332,5,1,34,10,8
"333",333,4,2,45,13,5
"334",334,4,2,72,8,7
"335",335,4,2,40,13,6
"336",336,2,1,43,9,4
"337",337,5,2,NA,18,5
"338",338,4,2,52,8,7
"339",339,5,1,71,5,8
"340",340,5,2,49,8,4
"341",341,4,2,30,17,0
"342",342,2,2,72,18,6
"343",343,5,2,39,17,6
"344",344,1,2,85,3,0
"345",345,5,1,29,14,5
"346",346,5,1,48,13,4
"347",347,2,1,42,8,NA
"348",348,5,1,23,15,4
"349",349,5,2,17,12,NA
"350",350,5,1,49,8,3
"351",351,5,1,23,13,6
"352",352,5,2,42,5,6
"353",353,5,1,17,9,3
"354",354,5,2,33,16,0
"355",355,1,1,66,5,4
"356",356,4,1,50,13,7
"357",357,1,1,82,5,3
"358",358,5,2,25,9,5
"359",359,2,2,32,13,5
"360",360,4,2,49,8,4
"361",361,5,2,54,25,9
"362",362,5,2,66,18,NA
"363",363,5,1,21,11,2
"364",364,3,2,63,8,4
"365",365,5,2,32,19,7
"366",366,3,2,80,NA,7
"367",367,5,1,58,13,3
"368",368,5,2,44,19,7
"369",369,1,2,83,5,5
"370",370,1,2,19,13,5
"371",371,3,1,51,14,5
"372",372,5,2,55,13,5
"373",373,5,2,19,12,NA
"374",374,1,2,82,13,5
"375",375,5,2,41,19,4
"376",376,5,1,18,12,8
"377",377,5,1,73,8,0
"378",378,5,2,29,18,4
"379",379,1,1,71,8,6
"380",380,4,1,44,8,6
"381",381,4,2,54,18,5
"382",382,5,2,61,18,9
"383",383,3,1,45,13,5
"384",384,1,1,90,13,2
"385",385,5,1,19,15,6
"386",386,5,2,36,13,0
"387",387,1,2,59,2,0
"388",388,5,2,77,13,5
"389",389,5,1,20,13,NA
"390",390,3,1,73,9,0
"391",391,5,2,25,17,3
"392",392,2,1,71,9,1
"393",393,5,2,35,13,0
"394",394,5,1,70,5,5
"395",395,5,1,23,13,4
"396",396,1,1,59,8,0
"397",397,2,1,62,8,1
"398",398,4,2,57,8,4
"399",399,1,1,84,12,3
"400",400,5,1,68,20,5
"401",401,4,2,59,13,4
"402",402,1,2,66,8,7
"403",403,2,1,52,10,5
"404",404,5,2,19,13,1
"405",405,1,2,66,8,4
"406",406,5,2,54,8,2
"407",407,5,2,20,13,6
"408",408,1,2,75,5,0
"409",409,5,1,40,18,6
"410",410,1,2,65,13,6
"411",411,5,1,43,13,1
"412",412,4,1,28,15,6
"413",413,2,2,79,8,1
"414",414,5,1,37,18,2
"415",415,5,1,58,13,2
"416",416,2,2,65,8,4
"417",417,5,1,32,14,5
"418",418,5,1,61,8,0
"419",419,1,2,65,8,1
"420",420,3,2,63,11,8
"421",421,5,1,61,8,5
"422",422,5,2,21,14,4
"423",423,2,1,64,8,3
"424",424,2,2,61,10,10
"425",425,5,1,38,14,6
"426",426,5,1,27,18,5
"427",427,1,1,59,8,8
"428",428,4,2,23,13,4
"429",429,5,1,53,8,3
"430",430,1,2,84,7,2
"431",431,5,1,41,13,7
"432",432,1,2,82,5,NA
"433",433,4,1,69,12,7
"434",434,5,2,19,12,5
"435",435,5,1,40,15,8
"436",436,1,2,54,8,8
"437",437,1,2,90,4,3
"438",438,5,2,34,19,8
"439",439,4,2,55,8,3
"440",440,5,1,46,10,8
"441",441,5,1,68,10,1
"442",442,1,2,84,8,7
"443",443,1,2,85,5,3
"444",444,3,1,77,5,8
"445",445,5,2,50,13,4
"446",446,4,2,65,12,7
"447",447,5,1,36,16,5
"448",448,4,1,70,8,1
"449",449,5,2,42,15,4
"450",450,4,2,21,13,3
"451",451,2,1,58,8,4
"452",452,5,1,69,8,4
"453",453,2,1,22,9,NA
"454",454,1,2,72,5,6
"455",455,1,2,40,8,8
"456",456,5,1,22,16,6
"457",457,4,2,49,18,3
"458",458,5,2,21,14,4
"459",459,5,2,18,12,NA
"460",460,4,1,53,8,6
"461",461,1,1,47,NA,0
"462",462,5,2,16,10,5
"463",463,3,1,54,10,3
"464",464,4,2,56,13,7
"465",465,5,2,23,13,7
"466",466,5,1,44,10,4
"467",467,5,1,53,10,8
"468",468,5,1,62,13,0
"469",469,5,2,54,13,6
"470",470,1,1,86,5,6
"471",471,5,1,60,13,5
"472",472,2,1,45,9,2
"473",473,5,1,31,8,5
"474",474,3,1,80,13,5
"475",475,1,1,86,8,1
"476",476,5,2,38,18,6
"477",477,5,1,34,13,0
"478",478,1,2,79,NA,NA
"479",479,5,1,27,13,5
"480",480,1,2,78,5,4
"481",481,5,1,17,11,10
"482",482,5,1,27,13,5
"483",483,5,1,43,15,6
"484",484,5,2,28,14,2
"485",485,5,1,71,8,6
"486",486,4,1,52,8,7
"487",487,1,2,73,13,6
"488",488,4,2,50,13,5
"489",489,5,2,38,8,5
"490",490,2,2,81,8,0
"491",491,2,1,73,12,0
"492",492,1,2,80,5,7
"493",493,1,2,64,8,4
"494",494,5,2,42,17,4
"495",495,5,1,63,13,7
"496",496,1,2,78,13,0
"497",497,5,1,19,13,6
"498",498,4,2,22,16,5
"499",499,5,1,32,11,2
"500",500,1,1,79,8,7
"501",501,2,2,58,13,6
"502",502,5,2,71,13,5
"503",503,1,2,67,4,6
"504",504,5,2,25,13,0
"505",505,4,2,36,20,4
"506",506,5,2,55,14,2
"507",507,5,2,36,12,6
"508",508,5,2,28,20,4
"509",509,5,1,56,23,7
"510",510,5,2,68,18,6
"511",511,5,1,51,13,5
"512",512,1,2,72,5,1
"513",513,5,1,61,13,6
"514",514,5,1,44,14,5
"515",515,3,2,27,13,5
"516",516,3,2,54,13,5
"517",517,1,2,87,6,5
"518",518,3,2,53,11,7
"519",519,3,1,28,8,0
"520",520,5,1,69,13,8
"521",521,5,1,54,16,4
"522",522,1,1,87,3,5
"523",523,4,2,68,5,5
"524",524,1,2,90,5,5
"525",525,5,2,44,15,5
"526",526,3,2,70,13,2
"527",527,1,2,68,8,6
"528",528,5,2,48,8,6
"529",529,5,2,28,16,4
"530",530,1,2,61,8,5
"531",531,4,1,68,13,7
"532",532,5,1,38,20,3
"533",533,4,1,18,12,NA
"534",534,5,2,24,13,6
"535",535,5,1,46,14,6
"536",536,1,2,37,13,0
"537",537,5,1,23,16,6
"538",538,1,1,90,5,1
"539",539,3,2,43,NA,9
"540",540,3,2,53,11,9
"541",541,4,2,50,15,9
"542",542,5,2,57,11,7
"543",543,5,2,25,13,3
"544",544,5,2,50,14,4
"545",545,5,1,58,13,1
"546",546,1,1,78,8,5
"547",547,5,1,23,17,5
"548",548,1,2,87,5,3
"549",549,5,2,41,13,2
"550",550,1,2,35,8,3
"551",551,5,1,37,10,0
"552",552,1,2,76,5,3
"553",553,1,1,83,5,3
"554",554,2,2,66,5,3
"555",555,2,2,42,12,0
"556",556,5,2,58,8,3
"557",557,5,1,67,14,6
"558",558,5,2,32,13,5
"559",559,1,1,81,11,0
"560",560,1,2,80,6,7
"561",561,5,2,38,13,8
"562",562,4,2,19,11,2
"563",563,1,2,79,8,5
"564",564,5,1,23,13,0
"565",565,1,2,83,5,5
"566",566,1,2,81,6,3
"567",567,4,2,46,18,0
"568",568,5,2,53,14,1
"569",569,5,1,40,13,1
"570",570,5,2,50,10,2
"571",571,4,1,35,10,0
"572",572,1,2,79,11,5
"573",573,1,2,75,12,5
"574",574,2,1,77,10,0
"575",575,5,2,29,15,0
"576",576,5,2,47,19,4
"577",577,1,2,47,8,10
"578",578,5,1,43,13,6
"579",579,4,1,23,11,2
"580",580,5,1,55,13,5
"581",581,5,2,40,16,3
"582",582,3,2,49,15,3
"583",583,4,1,57,13,6
"584",584,3,1,47,NA,6
"585",585,5,1,39,13,5
"586",586,5,1,26,13,5
"587",587,5,2,58,10,5
"588",588,2,2,48,13,6
"589",589,1,2,77,5,5
"590",590,5,2,52,11,5
"591",591,4,1,78,13,7
"592",592,5,2,20,16,3
"593",593,5,2,47,13,4
"594",594,3,2,62,8,0
"595",595,5,2,45,16,5
"596",596,5,2,38,11,8
"597",597,1,1,64,8,2
"598",598,1,2,78,3,0
"599",599,3,1,31,8,2
"600",600,5,1,64,8,4
"601",601,5,2,44,8,NA
"602",602,2,2,43,13,1
"603",603,1,2,82,8,5
"604",604,1,2,79,0,2
"605",605,5,2,39,8,6
"606",606,4,1,33,11,8
"607",607,5,1,27,8,6
"608",608,5,2,66,11,5
"609",609,4,2,32,16,8
"610",610,1,1,84,5,2
"611",611,5,2,48,10,8
"612",612,2,1,89,3,6
"613",613,4,1,41,15,5
"614",614,1,2,64,8,2
"615",615,5,1,29,23,8
"616",616,5,2,34,11,4
"617",617,5,2,28,11,4
"618",618,2,2,42,9,6
"619",619,5,2,30,13,2
"620",620,5,1,47,13,4
"621",621,5,2,30,13,0
"622",622,1,2,73,10,4
"623",623,5,2,58,8,2
"624",624,5,1,24,18,0
"625",625,4,2,38,16,8
"626",626,1,1,59,8,8
"627",627,5,1,38,8,0
"628",628,5,1,48,13,6
"629",629,1,2,65,5,1
"630",630,1,2,88,5,4
"631",631,2,1,70,10,7
"632",632,3,2,65,19,2
"633",633,5,1,53,13,2
"634",634,5,2,34,13,3
"635",635,5,1,66,20,3
"636",636,5,1,58,13,7
"637",637,1,1,86,3,5
"638",638,3,1,34,8,6
"639",639,4,2,66,8,7
"640",640,5,1,24,18,6
"641",641,4,1,42,13,0
"642",642,5,1,28,18,6
"643",643,5,2,64,13,3
"644",644,2,2,62,8,5
"645",645,4,1,62,13,9
"646",646,4,2,44,18,4
"647",647,5,1,70,16,7
"648",648,5,2,49,14,3
"649",649,2,2,58,8,7
"650",650,4,1,24,12,6
"651",651,2,2,50,8,2
"652",652,4,2,52,13,5
"653",653,5,2,39,13,2
"654",654,3,1,44,14,6
"655",655,5,2,18,12,6
"656",656,4,1,64,8,5
"657",657,1,1,69,9,3
"658",658,5,1,26,NA,NA
"659",659,4,1,62,13,0
"660",660,1,1,70,8,3
"661",661,5,2,68,16,0
"662",662,5,2,63,18,5
"663",663,2,2,82,5,2
"664",664,5,1,16,10,5
"665",665,1,2,56,8,0
"666",666,5,1,55,13,2
"667",667,5,1,37,9,6
"668",668,5,2,40,13,3
"669",669,1,2,36,8,2
"670",670,5,2,18,12,1
"671",671,5,1,21,14,3
"672",672,5,1,16,10,9
"673",673,1,2,66,6,5
"674",674,4,2,47,12,1
"675",675,1,2,73,5,2
"676",676,5,1,22,14,6
"677",677,2,2,60,13,3
"678",678,4,2,59,13,4
"679",679,2,1,64,8,4
"680",680,5,2,23,17,3
"681",681,5,2,47,15,5
"682",682,3,2,51,8,1
"683",683,5,1,40,20,3
"684",684,5,1,27,13,5
"685",685,5,1,64,15,1
"686",686,5,2,66,8,4
"687",687,5,1,58,13,6
"688",688,1,1,78,5,5
"689",689,5,1,43,11,6
"690",690,4,2,58,15,5
"691",691,1,2,53,5,0
"692",692,5,2,31,13,6
"693",693,1,2,75,5,10
"694",694,5,1,20,13,8
"695",695,5,1,23,13,2
"696",696,5,1,48,12,8
"697",697,5,2,46,18,2
"698",698,1,1,72,5,3
"699",699,2,2,59,13,0
"700",700,4,1,66,14,5
"701",701,4,2,63,13,0
"702",702,1,2,57,8,5
"703",703,5,1,46,18,4
"704",704,5,2,61,8,2
"705",705,2,2,72,6,4
"706",706,5,1,44,13,6
"707",707,5,2,43,13,7
"708",708,5,1,39,13,7
"709",709,1,2,70,11,5
"710",710,1,1,56,4,2
"711",711,1,2,73,6,3
"712",712,2,2,61,13,2
"713",713,5,2,30,19,0
"714",714,4,1,60,8,8
"715",715,1,1,71,5,6
"716",716,5,1,61,8,4
"717",717,5,2,58,13,8
"718",718,5,1,44,9,3
"719",719,5,2,53,18,2
"720",720,5,2,67,10,3
"721",721,5,2,27,13,0
"722",722,5,2,24,15,7
"723",723,1,2,72,5,7
"724",724,4,1,16,10,NA
"725",725,5,2,37,14,0
"726",726,1,1,65,5,7
"727",727,1,2,79,5,0
"728",728,5,1,28,18,NA
"729",729,5,2,29,8,5
"730",730,5,2,40,11,5
"731",731,5,2,70,13,5
"732",732,5,1,47,18,4
"733",733,3,2,52,12,2
"734",734,1,2,67,5,6
"735",735,5,2,24,14,0
"736",736,5,1,41,12,2
"737",737,1,2,86,5,5
"738",738,5,2,37,8,6
"739",739,4,2,56,10,3
"740",740,5,2,46,18,2
"741",741,2,1,57,11,6
"742",742,5,2,49,12,6
"743",743,5,1,23,14,8
"744",744,1,1,78,10,0
"745",745,5,2,32,13,7
"746",746,5,1,20,14,4
"747",747,1,1,68,8,3
"748",748,5,2,50,20,5
"749",749,5,1,18,10,5
"750",750,5,2,33,10,6
"751",751,5,2,70,14,5
"752",752,2,2,56,15,10
"753",753,5,1,57,8,1
"754",754,1,2,84,5,3
"755",755,2,2,66,9,2
"756",756,5,2,38,26,5
"757",757,5,1,25,13,4
"758",758,5,1,31,15,1
"759",759,4,2,61,13,4
"760",760,5,1,68,15,1
"761",761,5,2,54,11,6
"762",762,5,1,44,13,5
"763",763,1,1,50,9,10
"764",764,2,1,46,13,4
"765",765,5,1,48,13,4
"766",766,2,2,55,8,0
"767",767,5,2,41,11,3
"768",768,1,2,89,3,0
"769",769,5,2,43,17,1
"770",770,5,1,44,11,0
"771",771,5,1,61,20,4
"772",772,5,2,43,16,5
"773",773,4,2,42,13,6
"774",774,5,2,45,13,7
"775",775,5,2,55,8,4
"776",776,5,2,30,12,7
"777",777,5,2,21,14,6
"778",778,4,2,65,13,5
"779",779,5,2,30,16,5
"780",780,5,1,63,13,7
"781",781,5,1,44,13,4
"782",782,2,1,77,13,3
"783",783,4,1,43,12,5
"784",784,5,2,37,13,6
"785",785,5,1,49,12,5
"786",786,5,1,56,10,7
"787",787,5,1,43,17,2
"788",788,5,1,65,14,1
"789",789,4,1,20,NA,NA
"790",790,1,2,67,5,0
"791",791,5,1,57,15,6
"792",792,5,2,48,19,5
"793",793,5,2,23,13,5
"794",794,5,1,27,20,4
"795",795,4,2,25,14,2
"796",796,5,1,51,8,0
"797",797,4,1,47,8,2
"798",798,5,1,31,13,7
"799",799,1,2,78,5,5
"800",800,1,2,51,8,4
"801",801,5,2,20,13,0
"802",802,5,1,17,11,6
"803",803,4,1,82,3,5
"804",804,5,2,28,16,5
"805",805,5,2,58,6,2
"806",806,2,1,53,NA,7
"807",807,4,1,43,16,0
"808",808,5,1,60,8,4
"809",809,2,1,61,13,1
"810",810,4,1,46,19,2
"811",811,1,2,72,5,5
"812",812,5,1,67,NA,4
"813",813,5,2,22,13,NA
"814",814,5,2,37,8,4
"815",815,5,1,37,9,2
"816",816,1,2,70,5,7
"817",817,1,1,72,5,4
"818",818,1,2,90,15,10
"819",819,5,2,23,13,NA
"820",820,1,2,90,NA,6
"821",821,1,2,57,5,6
"822",822,1,1,82,5,5
"823",823,5,1,50,13,3
"824",824,5,2,33,13,1
"825",825,5,2,17,11,NA
"826",826,5,1,46,13,2
"827",827,5,2,47,8,10
"828",828,5,1,35,15,3
"829",829,5,1,27,NA,1
"830",830,4,2,50,8,7
"831",831,5,2,62,8,4
"832",832,5,1,48,13,5
"833",833,5,2,18,10,NA
"834",834,3,2,53,13,5
"835",835,5,2,63,11,7
"836",836,5,2,40,13,1
"837",837,5,1,68,17,5
"838",838,4,2,48,8,2
"839",839,4,1,58,8,4
"840",840,2,1,32,NA,0
"841",841,1,2,71,5,0
"842",842,5,2,28,8,4
"843",843,5,2,29,8,0
"844",844,5,1,49,19,7
"845",845,5,2,54,13,4
"846",846,1,2,78,5,4
"847",847,5,1,58,16,3
"848",848,1,2,47,9,1
"849",849,4,1,57,16,6
"850",850,1,1,65,8,3
"851",851,5,2,26,20,5
"852",852,5,1,47,16,5
"853",853,5,1,24,11,5
"854",854,5,2,39,18,4
"855",855,5,2,31,17,5
"856",856,5,2,40,13,5
"857",857,1,1,76,8,5
"858",858,5,1,40,15,3
"859",859,5,1,59,8,5
"860",860,5,2,54,12,NA
"861",861,1,2,77,15,4
"862",862,3,1,65,8,3
"863",863,4,1,21,13,9
"864",864,4,2,62,8,3
"865",865,5,2,49,16,6
"866",866,5,1,54,13,7
"867",867,5,1,41,13,5
"868",868,5,1,19,13,6
"869",869,5,2,80,19,4
"870",870,5,2,19,15,7
"871",871,1,2,80,5,0
"872",872,5,1,54,15,8
"873",873,1,2,76,8,6
"874",874,2,1,25,8,4
"875",875,5,2,41,13,2
"876",876,2,2,69,5,6
"877",877,NA,1,81,13,7
"878",878,5,1,46,18,8
"879",879,5,1,60,13,2
"880",880,5,1,26,23,6
"881",881,1,1,81,5,6
"882",882,5,2,49,19,4
"883",883,1,2,76,11,5
"884",884,5,1,24,18,5
"885",885,5,2,52,13,0
"886",886,5,1,42,15,5
"887",887,5,2,54,15,0
"888",888,5,2,33,16,5
"889",889,5,2,28,20,7
"890",890,5,1,31,12,1
"891",891,2,2,29,8,0
"892",892,1,2,59,8,3
"893",893,5,1,28,15,6
"894",894,1,2,86,5,5
"895",895,5,2,38,18,3
"896",896,5,1,19,13,5
"897",897,1,2,68,8,8
"898",898,4,1,63,16,5
"899",899,4,2,27,8,1
"900",900,1,1,76,5,0
"901",901,5,2,18,13,4
"902",902,4,2,42,13,7
"903",903,5,2,46,8,5
"904",904,5,1,39,8,4
"905",905,4,2,46,8,7
"906",906,5,2,40,12,5
"907",907,3,2,59,NA,8
"908",908,5,1,47,18,5
"909",909,1,1,84,5,4
"910",910,5,1,NA,13,6
"911",911,5,1,48,18,9
"912",912,2,2,33,3,NA
"913",913,5,1,19,13,5
"914",914,4,2,77,8,0
"915",915,1,2,76,9,5
"916",916,5,2,54,11,4
"917",917,1,1,45,10,4
"918",918,5,1,43,20,4
"919",919,5,2,19,12,0
"920",920,1,2,71,8,4
"921",921,5,1,58,10,6
"922",922,1,2,70,5,NA
"923",923,5,2,27,13,6
"924",924,4,1,40,12,4
"925",925,4,1,67,15,0
"926",926,1,2,90,4,6
"927",927,5,2,47,11,6
"928",928,5,1,26,13,6
"929",929,5,1,50,8,5
"930",930,1,2,55,8,0
"931",931,3,1,40,8,NA
"932",932,5,2,57,15,3
"933",933,5,2,40,16,6
"934",934,5,1,20,7,2
"935",935,5,2,24,16,6
"936",936,5,1,35,16,7
"937",937,5,1,48,13,5
"938",938,5,2,40,13,5
"939",939,5,1,47,11,4
"940",940,1,2,77,8,0
"941",941,5,2,36,16,4
"942",942,5,1,51,18,0
"943",943,1,1,73,5,0
"944",944,1,1,76,5,4
"945",945,5,2,19,13,6
"946",946,5,2,67,9,NA
"947",947,5,1,38,17,4
"948",948,5,2,58,10,0
"949",949,2,1,35,13,2
"950",950,1,1,73,7,0
"951",951,5,2,19,NA,0
"952",952,3,1,73,13,5
"953",953,1,2,55,8,6
"954",954,1,1,77,4,4
"955",955,4,2,58,12,3
"956",956,1,1,74,5,4
"957",957,3,1,69,8,6
"958",958,1,2,73,1,6
"959",959,1,1,86,5,3
"960",960,5,1,66,13,5
"961",961,5,2,28,11,4
"962",962,4,1,35,12,4
"963",963,3,1,38,13,5
"964",964,4,1,62,16,5
"965",965,5,1,58,9,5
"966",966,1,2,63,14,2
"967",967,5,1,36,16,3
"968",968,4,1,59,18,4
"969",969,5,2,33,16,5
"970",970,5,2,53,13,4
"971",971,5,2,55,13,5
"972",972,1,2,56,8,5
"973",973,5,1,24,17,5
"974",974,1,2,85,12,6
"975",975,5,2,49,13,4
"976",976,5,2,26,19,6
"977",977,5,1,47,8,7
"978",978,5,2,52,17,7
"979",979,1,2,67,5,0
"980",980,5,1,26,9,7
"981",981,1,2,90,3,1
"982",982,1,1,90,2,2
"983",983,1,2,78,5,0
"984",984,5,1,16,10,7
"985",985,5,2,52,16,3
"986",986,1,2,73,8,7
"987",987,5,2,39,11,5
"988",988,5,1,59,13,8
"989",989,5,2,17,11,6
"990",990,1,2,78,5,3
"991",991,5,1,22,13,5
"992",992,1,2,66,10,0
"993",993,5,1,27,8,1
"994",994,5,2,77,18,7
"995",995,5,1,64,14,6
"996",996,2,1,65,8,6
"997",997,1,1,63,8,5
"998",998,4,2,48,10,0
"999",999,5,1,47,20,6
"1000",1000,5,1,68,14,7
"1001",1001,4,1,79,3,7
"1002",1002,2,1,51,13,6
"1003",1003,5,2,51,13,3
"1004",1004,5,2,19,15,7
"1005",1005,4,1,35,13,0
"1006",1006,4,2,17,12,NA
"1007",1007,5,1,75,8,8
"1008",1008,5,1,NA,18,3
"1009",1009,1,1,78,8,0
"1010",1010,5,1,24,13,0
"1011",1011,5,1,46,13,7
"1012",1012,1,2,90,2,0
"1013",1013,5,2,48,16,0
"1014",1014,5,1,51,14,8
"1015",1015,4,1,38,13,1
"1016",1016,2,2,71,5,6
"1017",1017,4,1,61,12,4
"1018",1018,5,1,39,14,0
"1019",1019,3,2,75,13,NA
"1020",1020,1,1,50,8,3
"1021",1021,1,2,51,11,2
"1022",1022,2,2,82,8,5
"1023",1023,4,2,69,18,0
"1024",1024,5,2,55,23,7
"1025",1025,5,1,44,8,0
"1026",1026,5,1,50,15,2
"1027",1027,1,1,55,13,3
"1028",1028,5,1,26,13,5
"1029",1029,1,2,61,12,5
"1030",1030,1,2,74,9,0
"1031",1031,4,1,37,12,5
"1032",1032,5,1,30,8,1
"1033",1033,5,2,43,10,2
"1034",1034,5,1,27,13,3
"1035",1035,4,2,19,13,6
"1036",1036,3,2,39,8,0
"1037",1037,1,1,66,8,0
"1038",1038,5,1,37,15,5
"1039",1039,4,2,38,8,8
"1040",1040,5,1,26,19,6
"1041",1041,1,2,77,13,7
"1042",1042,1,1,80,5,6
"1043",1043,1,1,75,8,7
"1044",1044,2,2,67,7,0
"1045",1045,1,1,78,5,5
"1046",1046,5,2,53,13,5
"1047",1047,5,1,54,8,6
"1048",1048,1,2,58,13,NA
"1049",1049,5,1,18,12,7
"1050",1050,3,1,34,14,5
"1051",1051,4,2,61,8,3
"1052",1052,4,2,70,12,0
"1053",1053,5,1,21,15,6
"1054",1054,5,1,24,10,5
"1055",1055,3,2,49,11,1
"1056",1056,1,1,67,8,2
"1057",1057,5,2,21,13,2
"1058",1058,1,2,54,11,1
"1059",1059,5,1,23,13,6
"1060",1060,5,2,32,13,5
"1061",1061,2,2,71,10,10
"1062",1062,2,2,65,8,5
"1063",1063,1,1,80,5,5
"1064",1064,4,1,41,8,0
"1065",1065,2,1,49,7,1
"1066",1066,5,2,73,17,6
"1067",1067,5,2,55,13,5
"1068",1068,1,2,76,2,4
"1069",1069,1,2,76,NA,0
"1070",1070,5,1,46,17,7
"1071",1071,4,1,35,NA,1
"1072",1072,5,1,61,13,6
"1073",1073,2,2,72,13,0
"1074",1074,5,1,43,13,2
"1075",1075,2,1,65,8,8
"1076",1076,2,1,36,8,5
"1077",1077,5,1,57,18,9
"1078",1078,5,1,57,13,6
"1079",1079,5,2,61,18,3
"1080",1080,5,2,33,13,5
"1081",1081,4,1,47,15,5
"1082",1082,4,1,42,13,5
"1083",1083,3,2,57,14,6
"1084",1084,1,1,NA,8,5
"1085",1085,5,1,43,14,7
"1086",1086,4,2,55,10,5
"1087",1087,4,1,77,20,4
"1088",1088,4,1,34,11,5
"1089",1089,1,2,83,5,7
"1090",1090,2,2,51,11,5
"1091",1091,5,2,17,11,3
"1092",1092,5,1,16,10,8
"1093",1093,1,2,80,5,6
"1094",1094,5,1,38,13,7
"1095",1095,3,2,47,8,0
"1096",1096,2,1,71,5,6
"1097",1097,5,1,36,20,4
"1098",1098,3,2,76,NA,2
"1099",1099,5,2,28,13,5
"1100",1100,5,1,29,13,3
"1101",1101,5,1,47,13,2
"1102",1102,5,1,51,13,7
"1103",1103,5,1,36,16,4
"1104",1104,1,2,69,9,3
"1105",1105,5,2,43,19,6
"1106",1106,5,2,82,5,5
"1107",1107,5,2,17,8,9
"1108",1108,1,1,65,9,5
"1109",1109,1,2,89,5,2
"1110",1110,5,2,54,13,10
"1111",1111,3,1,35,13,2
"1112",1112,5,1,74,12,5
"1113",1113,5,1,19,10,NA
"1114",1114,4,1,47,10,1
"1115",1115,5,2,50,8,0
"1116",1116,4,1,75,18,6
"1117",1117,5,1,73,19,3
"1118",1118,3,2,32,12,NA
"1119",1119,5,1,48,20,6
"1120",1120,3,1,65,20,7
"1121",1121,4,1,39,11,3
"1122",1122,2,1,61,13,0
"1123",1123,1,2,83,6,0
"1124",1124,5,2,39,16,3
"1125",1125,1,1,84,3,0
"1126",1126,5,1,42,13,6
"1127",1127,5,2,47,13,3
"1128",1128,1,1,88,5,6
"1129",1129,4,1,23,9,0
"1130",1130,5,2,24,NA,7
"1131",1131,1,1,66,8,4
"1132",1132,5,2,36,18,1
"1133",1133,3,2,75,5,0
"1134",1134,5,2,48,13,5
"1135",1135,1,2,63,8,8
"1136",1136,5,2,44,8,6
"1137",1137,4,2,54,8,5
"1138",1138,5,2,25,9,0
"1139",1139,1,2,56,8,0
"1140",1140,1,2,64,5,7
"1141",1141,5,2,16,10,5
"1142",1142,4,1,30,8,10
"1143",1143,5,1,29,13,3
"1144",1144,4,1,65,8,3
"1145",1145,2,2,62,9,0
"1146",1146,1,1,73,8,5
"1147",1147,4,2,51,11,0
"1148",1148,2,2,80,8,0
"1149",1149,5,1,49,16,10
"1150",1150,4,2,44,8,3
"1151",1151,1,2,63,8,2
"1152",1152,1,2,90,2,7
"1153",1153,1,1,55,8,4
"1154",1154,2,1,66,15,7
"1155",1155,5,2,59,12,5
"1156",1156,1,2,79,5,3
"1157",1157,5,1,27,11,NA
"1158",1158,1,2,74,8,3
"1159",1159,5,1,29,17,NA
"1160",1160,5,1,54,8,0
"1161",1161,1,1,69,13,0
"1162",1162,1,2,49,8,5
"1163",1163,5,1,43,20,6
"1164",1164,5,2,62,13,2
"1165",1165,3,1,40,8,NA
"1166",1166,4,2,73,8,3
"1167",1167,1,2,77,12,3
"1168",1168,5,2,43,11,0
"1169",1169,5,2,46,13,6
"1170",1170,5,2,35,13,5
"1171",1171,5,1,51,16,6
"1172",1172,3,1,43,12,7
"1173",1173,5,2,61,13,5
"1174",1174,2,2,58,8,6
"1175",1175,1,2,66,9,3
"1176",1176,2,2,59,13,5
"1177",1177,5,1,53,13,7
"1178",1178,5,1,17,11,NA
"1179",1179,1,2,89,2,NA
"1180",1180,1,1,75,NA,7
"1181",1181,5,2,17,11,5
"1182",1182,1,2,77,3,0
"1183",1183,2,2,71,8,7
"1184",1184,1,2,75,8,4
"1185",1185,5,2,59,15,5
"1186",1186,5,2,37,13,6
"1187",1187,5,1,18,15,9
"1188",1188,1,2,72,5,6
"1189",1189,4,2,48,8,7
"1190",1190,4,1,56,8,0
"1191",1191,NA,2,NA,NA,NA
"1192",1192,1,1,74,5,6
"1193",1193,2,2,65,8,6
"1194",1194,2,2,64,8,10
"1195",1195,5,2,58,8,0
"1196",1196,2,2,69,6,4
"1197",1197,1,1,80,14,6
"1198",1198,2,2,63,8,0
"1199",1199,3,1,58,11,2
"1200",1200,1,2,82,5,6
"1201",1201,5,2,25,19,6
"1202",1202,5,1,55,15,5
"1203",1203,2,1,85,12,3
"1204",1204,1,2,90,13,6
"1205",1205,5,1,33,13,8
"1206",1206,5,2,41,13,4
"1207",1207,2,2,69,8,5
"1208",1208,5,2,34,8,0
"1209",1209,5,2,30,13,6
"1210",1210,5,2,17,12,5
"1211",1211,5,1,37,18,0
"1212",1212,5,2,31,22,6
"1213",1213,5,1,28,12,3
"1214",1214,1,2,54,8,5
"1215",1215,1,2,86,5,3
"1216",1216,4,1,26,16,4
"1217",1217,5,2,41,18,5
"1218",1218,4,2,48,NA,8
"1219",1219,5,1,52,13,6
"1220",1220,2,1,83,5,6
"1221",1221,5,2,44,8,5
"1222",1222,5,1,19,12,5
"1223",1223,1,2,73,NA,3
"1224",1224,5,1,54,13,0
"1225",1225,4,2,44,14,6
"1226",1226,3,2,62,13,4
"1227",1227,1,2,50,8,0
"1228",1228,5,2,52,13,3
"1229",1229,5,1,37,13,6
"1230",1230,3,1,72,18,9
"1231",1231,5,1,46,11,6
"1232",1232,5,2,28,18,6
"1233",1233,5,1,44,13,0
"1234",1234,1,1,42,9,5
"1235",1235,4,2,41,12,8
"1236",1236,4,1,57,8,6
"1237",1237,1,1,50,10,0
"1238",1238,5,2,51,15,5
"1239",1239,5,2,35,20,7
"1240",1240,5,1,32,12,2
"1241",1241,1,2,68,5,10
"1242",1242,5,2,20,14,5
"1243",1243,5,1,32,22,1
"1244",1244,5,1,18,12,10
"1245",1245,5,2,43,16,6
"1246",1246,1,2,80,4,3
"1247",1247,5,1,62,17,8
"1248",1248,1,2,71,8,4
"1249",1249,5,1,54,30,2
"1250",1250,2,2,67,13,2
"1251",1251,4,1,39,12,6
"1252",1252,3,1,45,11,0
"1253",1253,5,1,28,6,6
"1254",1254,5,1,55,9,5
"1255",1255,3,2,49,15,0
"1256",1256,1,2,63,8,1
"1257",1257,2,1,34,8,3
"1258",1258,5,2,22,15,0
"1259",1259,5,1,60,18,0
"1260",1260,4,2,36,13,4
"1261",1261,1,2,76,3,4
"1262",1262,5,1,48,20,3
"1263",1263,5,2,31,13,2
"1264",1264,1,2,86,5,6
"1265",1265,1,1,72,NA,7
"1266",1266,3,2,37,12,4
"1267",1267,5,1,45,18,4
"1268",1268,5,2,59,14,4
"1269",1269,5,2,59,10,3
"1270",1270,5,1,50,16,8
"1271",1271,1,2,73,1,NA
"1272",1272,5,2,24,14,5
"1273",1273,5,2,32,13,5
"1274",1274,1,1,64,8,3
"1275",1275,4,2,71,18,5
"1276",1276,5,1,57,8,3
"1277",1277,1,2,61,11,0
"1278",1278,5,1,47,8,3
"1279",1279,5,1,51,5,0
"1280",1280,5,2,33,8,NA
"1281",1281,2,2,55,11,4
"1282",1282,5,1,23,10,0
"1283",1283,5,2,51,14,3
"1284",1284,5,1,17,11,2
"1285",1285,5,2,46,18,0
"1286",1286,1,2,84,5,4
"1287",1287,5,1,67,13,6
"1288",1288,1,1,79,5,NA
"1289",1289,5,1,31,10,NA
"1290",1290,5,2,27,13,0
"1291",1291,1,2,48,8,5
"1292",1292,5,1,33,13,7
"1293",1293,1,2,89,5,0
"1294",1294,5,2,25,16,6
"1295",1295,1,2,68,8,1
"1296",1296,3,2,60,13,6
"1297",1297,5,1,30,8,6
"1298",1298,4,1,58,18,0
"1299",1299,1,2,74,8,5
"1300",1300,3,1,78,7,3
"1301",1301,1,2,76,8,3
"1302",1302,5,1,40,20,7
"1303",1303,5,2,58,13,7
"1304",1304,3,1,50,8,2
"1305",1305,5,1,52,13,2
"1306",1306,1,1,79,5,3
"1307",1307,5,1,54,12,4
"1308",1308,4,1,57,14,3
"1309",1309,5,2,61,13,7
"1310",1310,5,1,22,15,6
"1311",1311,5,2,20,8,0
"1312",1312,4,2,74,5,6
"1313",1313,1,2,67,8,NA
"1314",1314,5,2,31,16,5
"1315",1315,5,2,62,8,5
"1316",1316,5,1,NA,9,4
"1317",1317,5,1,39,11,3
"1318",1318,5,1,41,14,1
"1319",1319,1,2,39,8,NA
"1320",1320,5,1,46,10,NA
"1321",1321,5,2,47,13,0
"1322",1322,4,1,36,11,5
"1323",1323,2,2,63,8,7
"1324",1324,3,1,68,15,4
"1325",1325,5,1,31,10,9
"1326",1326,5,1,29,10,0
"1327",1327,1,1,63,8,0
"1328",1328,5,2,25,13,5
"1329",1329,5,2,24,17,3
"1330",1330,5,1,21,NA,7
"1331",1331,5,2,33,8,0
"1332",1332,1,1,82,8,0
"1333",1333,1,2,57,5,1
"1334",1334,4,2,52,14,7
"1335",1335,5,2,54,23,6
"1336",1336,1,1,81,5,6
"1337",1337,5,1,39,10,6
"1338",1338,2,2,69,13,5
"1339",1339,4,2,52,8,7
"1340",1340,1,1,80,8,6
"1341",1341,5,2,NA,8,3
"1342",1342,5,1,16,10,10
"1343",1343,1,2,84,5,NA
"1344",1344,5,2,32,21,4
"1345",1345,3,2,39,13,NA
"1346",1346,5,1,55,13,6
"1347",1347,4,1,77,14,3
"1348",1348,1,1,76,11,6
"1349",1349,5,1,29,11,7
"1350",1350,2,2,75,8,4
"1351",1351,1,2,75,7,3
"1352",1352,5,2,51,13,6
"1353",1353,1,2,71,8,6
"1354",1354,1,2,90,6,6
"1355",1355,5,2,24,14,5
"1356",1356,5,1,55,10,6
"1357",1357,5,1,30,13,4
"1358",1358,1,2,73,15,1
"1359",1359,NA,1,NA,NA,5
"1360",1360,3,2,64,8,3
"1361",1361,5,1,43,10,5
"1362",1362,5,2,59,13,6
"1363",1363,4,2,52,13,2
"1364",1364,5,1,17,12,0
"1365",1365,5,1,16,10,5
"1366",1366,5,2,51,6,7
"1367",1367,5,1,42,8,7
"1368",1368,1,2,66,NA,0
"1369",1369,5,2,39,12,0
"1370",1370,5,2,21,13,3
"1371",1371,2,1,27,8,0
"1372",1372,5,1,16,8,4
"1373",1373,5,1,66,19,5
"1374",1374,5,2,16,10,2
"1375",1375,1,2,68,5,5
"1376",1376,4,2,40,22,5
"1377",1377,5,1,57,6,3
"1378",1378,5,1,50,12,7
"1379",1379,2,1,65,10,5
"1380",1380,5,2,61,14,0
"1381",1381,1,2,74,5,0
"1382",1382,1,1,75,8,0
"1383",1383,4,2,50,8,5
"1384",1384,3,2,58,8,8
"1385",1385,1,1,69,10,6
"1386",1386,5,2,52,10,NA
"1387",1387,5,2,53,13,8
"1388",1388,4,2,54,19,7
"1389",1389,5,2,44,16,5
"1390",1390,1,2,85,8,0
"1391",1391,3,2,64,8,6
"1392",1392,5,2,55,30,3
"1393",1393,2,1,NA,11,5
"1394",1394,5,2,52,13,0
"1395",1395,5,1,29,13,3
"1396",1396,2,1,69,13,0
"1397",1397,3,2,78,5,5
"1398",1398,5,1,19,10,NA
"1399",1399,1,2,90,3,0
"1400",1400,2,2,76,14,2
"1401",1401,3,1,54,NA,5
"1402",1402,5,2,27,20,5
"1403",1403,5,2,67,18,7
"1404",1404,2,1,88,5,4
"1405",1405,4,1,21,11,6
"1406",1406,5,1,43,10,8
"1407",1407,5,1,27,10,5
"1408",1408,1,2,71,5,0
"1409",1409,1,2,82,13,0
"1410",1410,1,1,63,15,5
"1411",1411,1,1,84,5,6
"1412",1412,3,2,44,NA,6
"1413",1413,1,2,90,5,4
"1414",1414,1,1,82,13,1
"1415",1415,5,1,47,8,7
"1416",1416,5,2,24,11,5
"1417",1417,4,1,78,13,5
"1418",1418,2,1,22,13,3
"1419",1419,5,1,58,8,3
"1420",1420,4,2,45,14,6
"1421",1421,1,2,71,8,4
"1422",1422,5,2,47,8,1
"1423",1423,5,1,45,15,3
"1424",1424,5,1,65,18,3
"1425",1425,5,1,19,9,4
"1426",1426,1,2,42,8,NA
"1427",1427,1,1,86,5,5
"1428",1428,4,2,58,13,6
"1429",1429,5,1,41,18,6
"1430",1430,1,2,82,10,0
"1431",1431,3,2,33,8,3
"1432",1432,1,2,74,8,6
"1433",1433,5,2,37,8,8
"1434",1434,5,1,40,13,7
"1435",1435,1,2,82,13,0
"1436",1436,2,1,53,12,0
"1437",1437,3,2,73,18,5
"1438",1438,1,1,90,NA,NA
"1439",1439,5,2,39,13,4
"1440",1440,1,2,90,NA,0
"1441",1441,1,2,77,5,5
"1442",1442,5,2,68,11,4
"1443",1443,5,1,26,13,4
"1444",1444,5,1,76,8,4
"1445",1445,5,1,30,8,2
"1446",1446,5,1,48,12,6
"1447",1447,5,1,31,11,6
"1448",1448,4,1,43,9,6
"1449",1449,5,1,16,10,1
"1450",1450,4,1,62,8,8
"1451",1451,4,1,42,9,3
"1452",1452,5,1,55,8,0
"1453",1453,1,1,72,5,4
"1454",1454,4,1,57,13,6
"1455",1455,1,2,86,5,2
"1456",1456,5,1,56,11,6
"1457",1457,4,1,NA,15,0
"1458",1458,5,2,45,11,7
"1459",1459,1,1,84,5,NA
"1460",1460,4,2,80,14,2
"1461",1461,3,2,55,14,4
"1462",1462,5,1,43,13,5
"1463",1463,5,2,43,14,5
"1464",1464,3,1,50,18,2
"1465",1465,1,1,75,5,3
"1466",1466,5,1,18,14,1
"1467",1467,5,1,46,20,6
"1468",1468,5,1,48,20,4
"1469",1469,1,1,88,13,1
"1470",1470,5,2,42,8,4
"1471",1471,5,2,24,17,3
"1472",1472,4,1,69,13,5
"1473",1473,1,1,58,8,5
"1474",1474,5,1,30,10,4
"1475",1475,4,2,43,18,4
"1476",1476,4,1,41,9,5
"1477",1477,2,2,47,8,10
"1478",1478,5,1,30,13,10
"1479",1479,5,2,52,12,8
"1480",1480,5,1,22,NA,5
"1481",1481,4,1,52,10,8
"1482",1482,5,1,53,13,2
"1483",1483,5,2,49,19,2
"1484",1484,4,1,34,8,6
"1485",1485,1,2,90,4,6
"1486",1486,1,1,80,5,10
"1487",1487,4,1,49,18,7
"1488",1488,1,2,59,8,4
"1489",1489,5,1,35,12,6
"1490",1490,1,2,81,3,0
"1491",1491,5,1,70,8,2
"1492",1492,5,2,37,13,5
"1493",1493,5,1,34,9,0
"1494",1494,5,2,52,13,4
"1495",1495,1,2,85,7,6
"1496",1496,5,1,63,8,7
"1497",1497,1,1,72,5,5
"1498",1498,5,2,49,13,6
"1499",1499,1,2,84,5,NA
"1500",1500,4,1,60,14,8
"1501",1501,5,1,64,8,8
"1502",1502,5,1,56,13,7
"1503",1503,1,2,82,6,0
"1504",1504,5,2,54,13,7
"1505",1505,5,1,26,10,1
"1506",1506,1,1,78,10,2
"1507",1507,5,1,56,13,4
"1508",1508,1,2,61,7,3
"1509",1509,5,2,34,16,5
"1510",1510,4,1,39,13,2
"1511",1511,5,2,56,8,7
"1512",1512,1,2,71,7,5
"1513",1513,5,1,NA,15,4
"1514",1514,3,1,66,8,0
"1515",1515,4,2,34,14,NA
"1516",1516,1,2,66,5,8
"1517",1517,1,2,72,5,5
"1518",1518,5,2,57,11,4
"1519",1519,4,1,50,10,7
"1520",1520,3,1,39,8,0
"1521",1521,5,1,61,13,6
"1522",1522,4,2,17,11,5
"1523",1523,5,2,39,13,5
"1524",1524,4,1,38,18,6
"1525",1525,5,1,39,20,7
"1526",1526,5,1,23,10,5
"1527",1527,5,1,72,8,3
"1528",1528,5,2,16,10,6
"1529",1529,5,2,23,16,6
"1530",1530,5,2,18,12,7
"1531",1531,5,1,59,15,5
"1532",1532,1,2,72,5,3
"1533",1533,5,2,53,8,7
"1534",1534,5,1,29,10,8
"1535",1535,2,2,67,12,9
"1536",1536,5,1,59,15,4
"1537",1537,5,2,43,13,1
"1538",1538,1,2,90,NA,3
"1539",1539,1,2,86,13,10
"1540",1540,5,1,32,13,6
"1541",1541,4,1,48,13,8
"1542",1542,1,1,67,15,0
"1543",1543,4,1,45,12,7
"1544",1544,5,2,31,19,5
"1545",1545,2,2,57,11,3
"1546",1546,5,2,46,16,6
"1547",1547,5,2,56,18,3
"1548",1548,1,2,30,8,0
"1549",1549,5,1,45,16,5
"1550",1550,5,1,29,14,6
"1551",1551,1,2,25,8,6
"1552",1552,4,2,70,8,0
"1553",1553,5,2,27,10,6
"1554",1554,4,2,43,15,0
"1555",1555,1,2,71,5,5
"1556",1556,5,1,25,18,6
"1557",1557,5,2,23,16,6
"1558",1558,3,2,49,8,1
"1559",1559,5,2,27,13,5
"1560",1560,5,2,23,16,4
"1561",1561,1,2,69,5,4
"1562",1562,3,2,69,12,5
"1563",1563,2,2,51,8,7
"1564",1564,1,1,80,5,2
"1565",1565,4,2,50,10,9
"1566",1566,1,2,55,8,0
"1567",1567,5,2,43,10,0
"1568",1568,1,2,64,10,6
"1569",1569,4,1,38,15,2
"1570",1570,1,2,54,5,5
"1571",1571,3,1,71,NA,9
"1572",1572,5,1,16,9,8
"1573",1573,5,1,19,13,5
"1574",1574,2,2,66,6,6
"1575",1575,5,1,59,20,4
"1576",1576,1,2,71,5,0
"1577",1577,1,2,90,6,3
"1578",1578,1,2,74,15,9
"1579",1579,5,1,58,8,10
"1580",1580,1,2,86,3,1
"1581",1581,5,1,82,19,4
"1582",1582,4,1,36,NA,NA
"1583",1583,4,1,23,11,0
"1584",1584,1,1,64,5,0
"1585",1585,5,2,22,13,5
"1586",1586,1,1,60,11,2
"1587",1587,5,2,41,18,5
"1588",1588,5,2,61,8,4
"1589",1589,4,2,51,12,4
"1590",1590,5,1,53,13,8
"1591",1591,4,2,39,15,5
"1592",1592,5,2,16,11,0
"1593",1593,3,2,16,10,6
"1594",1594,1,1,67,8,2
"1595",1595,5,2,67,12,3
"1596",1596,3,2,36,13,0
"1597",1597,3,2,50,13,0
"1598",1598,1,2,80,8,3
"1599",1599,5,1,32,13,4
"1600",1600,5,2,38,13,7
"1601",1601,2,2,80,8,7
"1602",1602,5,1,51,15,6
"1603",1603,4,2,32,12,6
"1604",1604,3,2,54,12,4
"1605",1605,5,2,43,21,6
"1606",1606,1,1,53,8,1
"1607",1607,1,2,56,9,5
"1608",1608,5,2,65,12,3
"1609",1609,1,2,88,5,5
"1610",1610,5,2,49,19,0
"1611",1611,5,1,18,12,6
"1612",1612,5,2,62,8,5
"1613",1613,5,2,54,17,6
"1614",1614,5,2,54,13,8
"1615",1615,5,2,22,15,5
"1616",1616,5,1,17,11,6
"1617",1617,5,1,48,19,6
"1618",1618,1,2,63,5,2
"1619",1619,1,2,66,5,7
"1620",1620,5,1,27,19,6
"1621",1621,3,2,44,10,5
"1622",1622,5,1,26,17,7
"1623",1623,1,2,81,5,1
"1624",1624,5,2,57,0,NA
"1625",1625,2,2,70,17,4
"1626",1626,4,2,57,8,4
"1627",1627,5,1,17,10,NA
"1628",1628,2,1,75,8,0
"1629",1629,3,1,60,11,5
"1630",1630,4,2,31,9,4
"1631",1631,5,1,35,NA,6
"1632",1632,1,2,79,2,3
"1633",1633,5,1,69,16,2
"1634",1634,5,2,39,13,4
"1635",1635,1,1,88,3,0
"1636",1636,1,2,70,8,4
"1637",1637,5,2,41,13,7
"1638",1638,5,2,32,13,2
"1639",1639,5,2,45,13,5
"1640",1640,5,2,33,14,4
"1641",1641,5,1,55,13,6
"1642",1642,5,2,19,12,5
"1643",1643,5,1,53,8,0
"1644",1644,5,2,35,18,3
"1645",1645,4,2,41,13,3
"1646",1646,4,1,58,9,5
"1647",1647,5,1,77,13,7
"1648",1648,5,1,71,19,7
"1649",1649,5,2,23,13,6
"1650",1650,4,1,41,8,0
"1651",1651,5,2,66,13,5
"1652",1652,2,2,55,11,7
"1653",1653,5,1,49,13,6
"1654",1654,1,2,86,6,5
"1655",1655,1,1,78,10,5
"1656",1656,5,1,21,13,0
"1657",1657,5,1,61,8,7
"1658",1658,5,2,23,15,3
"1659",1659,5,1,18,13,3
"1660",1660,5,1,85,8,3
"1661",1661,3,1,73,17,2
"1662",1662,5,2,61,13,4
"1663",1663,5,1,31,14,7
"1664",1664,5,1,21,13,7
"1665",1665,5,1,17,11,4
"1666",1666,5,2,16,11,7
"1667",1667,3,1,72,10,0
"1668",1668,5,1,56,18,5
"1669",1669,5,1,48,13,1
"1670",1670,3,1,17,12,8
"1671",1671,2,1,51,8,0
"1672",1672,5,2,53,NA,2
"1673",1673,5,2,53,11,3
"1674",1674,4,2,65,13,7
"1675",1675,4,1,64,13,8
"1676",1676,5,1,47,9,5
"1677",1677,5,2,34,11,5
"1678",1678,1,2,74,5,6
"1679",1679,4,1,72,16,6
"1680",1680,5,1,52,15,5
"1681",1681,5,1,40,10,0
"1682",1682,5,2,34,13,5
"1683",1683,5,2,44,13,5
"1684",1684,2,1,86,18,2
"1685",1685,4,1,62,18,6
"1686",1686,5,1,20,10,0
"1687",1687,5,1,63,15,4
"1688",1688,4,2,60,18,7
"1689",1689,5,1,46,13,7
"1690",1690,4,2,57,23,5
"1691",1691,2,1,36,12,5
"1692",1692,3,1,48,10,3
"1693",1693,5,2,49,20,5
"1694",1694,4,2,43,13,5
"1695",1695,2,1,81,12,7
"1696",1696,5,1,NA,13,6
"1697",1697,5,2,29,20,7
"1698",1698,5,1,30,17,5
"1699",1699,4,2,45,8,0
"1700",1700,5,2,19,13,8
"1701",1701,1,1,89,2,1
"1702",1702,2,2,26,8,0
"1703",1703,4,1,46,18,4
"1704",1704,5,1,48,13,1
"1705",1705,5,2,34,8,0
"1706",1706,2,2,21,13,3
"1707",1707,1,2,79,3,0
"1708",1708,1,1,79,5,3
"1709",1709,5,1,62,14,10
"1710",1710,4,1,43,13,9
"1711",1711,1,2,77,5,3
"1712",1712,5,2,60,12,4
"1713",1713,5,1,54,20,2
"1714",1714,5,2,51,NA,5
"1715",1715,5,2,39,15,3
"1716",1716,5,1,52,12,2
"1717",1717,5,1,61,8,5
"1718",1718,5,1,29,13,8
"1719",1719,5,1,53,18,6
"1720",1720,1,2,74,8,6
"1721",1721,5,2,19,13,5
"1722",1722,5,1,33,8,6
"1723",1723,5,2,66,18,4
"1724",1724,1,2,72,5,0
"1725",1725,5,2,20,15,0
"1726",1726,5,1,73,8,8
"1727",1727,5,2,52,13,6
"1728",1728,5,2,19,12,6
"1729",1729,3,1,69,8,3
"1730",1730,1,2,50,10,4
"1731",1731,3,2,25,8,3
"1732",1732,1,1,81,8,2
"1733",1733,5,2,58,13,7
"1734",1734,5,1,41,13,8
"1735",1735,3,2,56,10,3
"1736",1736,4,1,62,14,7
"1737",1737,5,2,17,12,1
"1738",1738,5,1,69,8,1
"1739",1739,1,2,86,5,6
"1740",1740,5,1,41,13,5
"1741",1741,5,1,56,13,0
"1742",1742,5,2,34,13,5
"1743",1743,5,2,21,16,4
"1744",1744,1,2,71,13,3
"1745",1745,1,1,60,8,2
"1746",1746,1,1,29,8,0
"1747",1747,5,1,79,10,6
"1748",1748,5,2,26,11,9
"1749",1749,5,2,66,18,5
"1750",1750,5,1,67,13,3
"1751",1751,5,1,51,9,0
"1752",1752,5,1,79,5,5
"1753",1753,1,1,81,5,0
"1754",1754,3,2,66,9,3
"1755",1755,2,1,67,13,6
"1756",1756,5,2,49,19,9
"1757",1757,4,1,62,16,7
"1758",1758,1,1,77,NA,4
"1759",1759,2,2,72,13,NA
"1760",1760,1,1,86,5,6
"1761",1761,2,2,75,20,4
"1762",1762,1,2,83,8,10
"1763",1763,5,2,65,16,7
"1764",1764,5,1,77,18,6
"1765",1765,1,1,80,13,9
"1766",1766,5,1,19,13,3
"1767",1767,4,1,55,8,6
"1768",1768,5,2,22,12,7
"1769",1769,5,1,27,13,2
"1770",1770,3,2,57,8,5
"1771",1771,1,2,86,3,3
"1772",1772,4,2,66,14,0
"1773",1773,1,2,70,8,5
"1774",1774,1,1,73,5,5
"1775",1775,5,2,31,19,0
"1776",1776,5,2,23,15,5
"1777",1777,5,1,21,13,2
"1778",1778,5,1,50,18,1
"1779",1779,1,2,83,0,6
"1780",1780,3,2,76,9,5
"1781",1781,2,1,27,13,2
"1782",1782,5,2,47,13,4
"1783",1783,4,1,54,13,1
"1784",1784,5,1,80,8,4
"1785",1785,1,2,78,10,8
"1786",1786,3,1,69,13,4
"1787",1787,5,1,58,14,0
"1788",1788,1,2,81,NA,1
"1789",1789,5,1,39,7,1
"1790",1790,2,1,68,13,5
"1791",1791,1,1,78,5,4
"1792",1792,1,2,73,8,3
"1793",1793,1,1,65,5,8
"1794",1794,3,1,46,8,5
"1795",1795,1,1,58,14,6
"1796",1796,1,2,63,8,5
"1797",1797,5,1,42,22,9
"1798",1798,5,2,27,19,6
"1799",1799,5,2,54,13,6
"1800",1800,5,1,38,13,5
"1801",1801,2,2,67,20,3
"1802",1802,2,1,68,13,7
"1803",1803,3,1,21,15,4
"1804",1804,4,2,51,8,1
"1805",1805,5,2,36,13,0
"1806",1806,5,1,54,13,4
"1807",1807,5,2,74,8,6
"1808",1808,5,2,50,14,5
"1809",1809,5,1,75,8,3
"1810",1810,5,1,43,13,7
"1811",1811,5,2,59,8,6
"1812",1812,5,2,53,13,3
"1813",1813,1,2,90,5,0
"1814",1814,1,1,84,5,6
"1815",1815,2,2,17,NA,2
"1816",1816,5,1,38,17,7
"1817",1817,5,1,48,10,5
"1818",1818,1,1,87,5,6
"1819",1819,3,1,62,11,4
"1820",1820,5,2,27,13,1
"1821",1821,5,1,48,8,0
"1822",1822,5,2,27,13,5
"1823",1823,5,2,24,13,1
"1824",1824,5,1,32,8,4
"1825",1825,3,2,65,37,4
"1826",1826,1,1,75,8,5
"1827",1827,5,1,75,8,8
"1828",1828,5,1,29,19,6
"1829",1829,2,2,58,8,6
"1830",1830,5,2,49,16,5
"1831",1831,5,2,66,13,4
"1832",1832,1,1,72,8,0
"1833",1833,5,2,43,18,6
"1834",1834,4,2,33,13,7
"1835",1835,5,2,19,17,5
"1836",1836,3,1,16,10,7
"1837",1837,4,2,69,13,6
"1838",1838,5,1,49,8,7
"1839",1839,1,1,77,7,5
"1840",1840,2,1,67,13,7
"1841",1841,2,2,61,13,1
"1842",1842,5,2,57,12,4
"1843",1843,5,1,57,13,5
"1844",1844,1,1,74,5,1
"1845",1845,5,2,63,13,8
"1846",1846,5,1,43,NA,7
"1847",1847,1,1,45,7,6
"1848",1848,5,2,58,13,3
"1849",1849,5,1,39,13,2
"1850",1850,5,1,20,13,4
"1851",1851,4,1,53,13,6
"1852",1852,5,1,20,8,7
"1853",1853,5,1,49,8,8
"1854",1854,5,1,50,13,3
"1855",1855,5,1,23,8,5
"1856",1856,1,2,78,3,NA
"1857",1857,1,2,62,7,4
"1858",1858,5,1,27,17,5
"1859",1859,1,1,53,8,8
"1860",1860,1,1,71,8,3
"1861",1861,4,1,54,16,5
"1862",1862,2,1,62,8,1
"1863",1863,5,1,59,18,5
"1864",1864,2,2,65,13,2
"1865",1865,5,1,43,18,2
"1866",1866,1,1,61,8,3
"1867",1867,5,2,21,16,5
"1868",1868,5,1,38,10,5
"1869",1869,5,1,26,12,1
"1870",1870,5,1,28,14,6
"1871",1871,5,1,26,17,4
"1872",1872,1,2,84,3,1
"1873",1873,5,1,45,14,6
"1874",1874,1,2,83,5,10
"1875",1875,5,1,19,NA,5
"1876",1876,1,2,87,8,1
"1877",1877,4,2,54,11,2
"1878",1878,1,2,71,5,1
"1879",1879,1,2,87,11,5
"1880",1880,1,2,59,8,5
"1881",1881,5,1,38,14,2
"1882",1882,3,1,70,5,1
"1883",1883,5,2,28,20,6
"1884",1884,1,1,79,6,5
"1885",1885,5,1,57,13,8
"1886",1886,5,1,43,13,8
"1887",1887,1,1,65,8,1
"1888",1888,4,2,41,14,4
"1889",1889,1,1,67,7,4
"1890",1890,5,2,43,13,0
"1891",1891,2,2,55,11,0
"1892",1892,1,2,74,6,6
"1893",1893,5,1,40,17,0
"1894",1894,5,2,40,11,5
"1895",1895,5,1,44,8,NA
"1896",1896,4,2,34,16,6
"1897",1897,2,2,60,8,5
"1898",1898,5,1,58,20,8
"1899",1899,5,1,21,13,1
"1900",1900,5,1,50,13,5
"1901",1901,5,1,44,13,6
"1902",1902,2,1,64,13,7
"1903",1903,5,2,54,8,3
"1904",1904,1,1,67,5,0
"1905",1905,3,1,67,13,6
"1906",1906,5,2,55,13,5
"1907",1907,5,2,22,14,4
"1908",1908,5,2,46,13,5
"1909",1909,2,1,61,8,6
"1910",1910,2,2,NA,NA,0
"1911",1911,5,1,61,13,2
"1912",1912,5,1,58,13,6
"1913",1913,5,2,19,12,0
"1914",1914,5,1,50,13,2
"1915",1915,5,2,56,13,4
"1916",1916,5,2,60,20,2
"1917",1917,5,2,21,15,6
"1918",1918,5,1,31,14,6
"1919",1919,1,1,76,5,0
"1920",1920,3,1,46,11,5
"1921",1921,5,2,54,15,7
"1922",1922,5,2,42,11,9
"1923",1923,5,1,57,8,6
"1924",1924,5,2,35,23,7
"1925",1925,2,2,63,11,5
"1926",1926,5,2,59,17,4
"1927",1927,5,2,40,13,0
"1928",1928,5,1,57,16,5
"1929",1929,5,1,39,16,2
"1930",1930,4,1,57,10,8
"1931",1931,1,2,82,3,0
"1932",1932,1,1,85,19,6
"1933",1933,5,2,51,11,6
"1934",1934,5,1,71,8,2
"1935",1935,4,2,51,14,6
"1936",1936,1,2,78,5,1
"1937",1937,5,2,44,8,5
"1938",1938,1,1,65,8,4
"1939",1939,4,2,57,8,3
"1940",1940,2,2,44,NA,0
"1941",1941,5,2,36,19,5
"1942",1942,5,1,40,14,0
"1943",1943,1,1,41,13,4
"1944",1944,5,2,68,18,6
"1945",1945,1,1,76,3,2
"1946",1946,4,2,47,16,5
"1947",1947,5,1,70,8,2
"1948",1948,3,2,48,14,6
"1949",1949,5,2,67,13,5
"1950",1950,5,2,33,22,5
"1951",1951,1,2,90,3,6
"1952",1952,1,1,72,18,7
"1953",1953,5,2,64,5,0
"1954",1954,1,2,86,8,4
"1955",1955,1,1,67,8,0
"1956",1956,5,1,54,14,5
"1957",1957,5,1,20,13,NA
"1958",1958,5,1,35,18,0
"1959",1959,5,1,56,18,5
"1960",1960,4,1,63,13,5
"1961",1961,4,1,28,2,NA
"1962",1962,5,2,23,16,0
"1963",1963,4,2,50,13,5
"1964",1964,1,2,67,11,NA
"1965",1965,1,2,74,8,6
"1966",1966,4,1,66,14,6
"1967",1967,5,1,42,13,3
"1968",1968,1,2,80,8,5
"1969",1969,5,2,19,13,7
"1970",1970,1,2,85,4,3
"1971",1971,5,2,35,13,3
"1972",1972,1,2,78,5,0
"1973",1973,5,2,56,8,4
"1974",1974,2,1,72,13,4
"1975",1975,4,1,39,11,7
"1976",1976,5,1,20,11,8
"1977",1977,1,1,67,8,10
"1978",1978,1,1,83,5,4
"1979",1979,5,1,45,14,6
"1980",1980,5,2,27,11,5
"1981",1981,2,1,41,8,6
"1982",1982,2,2,79,18,0
"1983",1983,1,2,80,5,0
"1984",1984,3,1,57,13,1
"1985",1985,1,1,70,5,6
"1986",1986,5,2,25,9,5
"1987",1987,4,1,58,9,7
"1988",1988,5,1,22,13,7
"1989",1989,5,1,32,16,0
"1990",1990,3,2,68,17,5
"1991",1991,5,1,26,14,7
"1992",1992,5,1,34,11,6
"1993",1993,5,2,57,11,1
"1994",1994,2,1,49,10,2
"1995",1995,5,1,25,18,1
"1996",1996,5,1,40,13,2
"1997",1997,5,2,52,24,4
"1998",1998,5,1,48,8,7
"1999",1999,5,1,27,13,5
"2000",2000,5,2,70,8,1
"2001",2001,3,1,55,8,0
"2002",2002,2,1,41,8,7
"2003",2003,5,2,48,16,4
"2004",2004,5,1,26,19,7
"2005",2005,5,1,24,8,5
"2006",2006,1,2,58,8,2
"2007",2007,5,2,55,14,1
"2008",2008,5,2,57,18,5
"2009",2009,3,1,51,12,7
"2010",2010,3,1,52,16,4
"2011",2011,5,2,18,12,3
"2012",2012,1,2,61,5,0
"2013",2013,5,2,45,18,6
"2014",2014,5,1,26,13,6
"2015",2015,5,2,19,15,6
"2016",2016,5,1,18,12,6
"2017",2017,2,1,62,13,5
"2018",2018,3,2,71,11,4
"2019",2019,2,1,73,8,2
"2020",2020,1,1,81,8,2
"2021",2021,5,1,28,20,8
"2022",2022,5,1,23,16,4
"2023",2023,5,2,27,13,0
"2024",2024,3,2,52,13,8
"2025",2025,5,2,35,19,5
"2026",2026,2,2,63,8,3
"2027",2027,3,1,69,13,2
"2028",2028,5,1,49,12,9
"2029",2029,5,2,63,13,4
"2030",2030,5,2,23,13,3
"2031",2031,5,2,66,17,3
"2032",2032,1,1,84,5,0
"2033",2033,5,2,64,10,0
"2034",2034,5,2,44,8,7
"2035",2035,5,2,42,17,6
"2036",2036,5,1,57,NA,5
"2037",2037,5,2,16,10,7
"2038",2038,5,2,46,20,8
"2039",2039,1,1,57,5,3
"2040",2040,5,2,46,10,2
"2041",2041,5,2,32,14,5
"2042",2042,3,2,55,13,0
"2043",2043,1,2,84,5,0
"2044",2044,5,1,58,11,7
"2045",2045,5,1,33,13,NA
"2046",2046,5,1,51,8,9
"2047",2047,4,1,45,13,6
"2048",2048,4,1,46,13,4
"2049",2049,1,2,73,5,2
"2050",2050,5,1,66,18,5
"2051",2051,5,2,57,13,6
"2052",2052,5,1,38,14,0
"2053",2053,1,2,44,8,7
"2054",2054,5,2,43,NA,0
"2055",2055,1,2,72,3,8
"2056",2056,2,1,54,8,2
"2057",2057,1,2,80,5,0
"2058",2058,4,2,21,8,4
"2059",2059,5,2,36,13,5
"2060",2060,1,1,73,8,8
"2061",2061,3,1,35,8,0
"2062",2062,1,2,67,8,3
"2063",2063,5,2,40,11,3
"2064",2064,3,1,51,12,7
"2065",2065,5,2,47,15,0
"2066",2066,5,1,31,20,6
"2067",2067,5,2,52,8,NA
"2068",2068,1,1,67,6,2
"2069",2069,1,2,80,5,0
"2070",2070,5,1,45,20,1
"2071",2071,5,1,34,18,4
"2072",2072,5,1,41,18,5
"2073",2073,5,2,38,11,3
"2074",2074,3,2,51,13,8
"2075",2075,4,1,53,13,4
"2076",2076,3,1,71,8,3
"2077",2077,5,2,30,18,3
"2078",2078,5,1,28,16,0
"2079",2079,1,2,75,NA,10
"2080",2080,5,1,23,15,5
"2081",2081,5,2,19,13,6
"2082",2082,1,2,80,5,0
"2083",2083,5,2,45,19,5
"2084",2084,3,2,43,15,6
"2085",2085,4,2,62,10,7
"2086",2086,3,1,63,8,6
"2087",2087,5,2,24,14,6
"2088",2088,2,2,60,10,3
"2089",2089,4,1,52,20,1
"2090",2090,5,2,24,18,3
"2091",2091,1,1,79,5,7
"2092",2092,5,1,70,17,10
"2093",2093,5,2,48,8,6
"2094",2094,5,1,39,13,6
"2095",2095,5,1,18,12,6
"2096",2096,1,2,70,5,2
"2097",2097,5,1,17,10,2
"2098",2098,5,2,26,13,8
"2099",2099,1,1,77,8,3
"2100",2100,1,1,59,8,0
"2101",2101,5,2,48,13,5
"2102",2102,4,1,55,18,4
"2103",2103,1,1,81,25,2
"2104",2104,5,1,60,8,4
"2105",2105,5,2,37,8,8
"2106",2106,5,2,38,13,5
"2107",2107,5,1,67,13,4
"2108",2108,5,1,53,8,4
"2109",2109,5,2,19,8,2
"2110",2110,5,1,72,18,5
"2111",2111,4,2,50,8,3
"2112",2112,4,2,52,8,8
"2113",2113,5,1,19,13,5
"2114",2114,4,2,42,8,9
"2115",2115,5,2,39,15,7
"2116",2116,4,1,62,13,7
"2117",2117,5,2,65,8,4
"2118",2118,5,1,19,13,6
"2119",2119,4,1,23,12,7
"2120",2120,5,1,77,8,5
"2121",2121,5,1,24,23,6
"2122",2122,5,1,48,11,0
"2123",2123,5,2,57,9,4
"2124",2124,5,2,26,19,5
"2125",2125,5,1,19,16,7
"2126",2126,1,1,62,8,0
"2127",2127,5,1,62,13,8
"2128",2128,1,2,70,8,3
"2129",2129,5,1,40,8,6
"2130",2130,1,2,69,5,2
"2131",2131,5,1,68,18,8
"2132",2132,4,1,35,14,10
"2133",2133,5,2,40,18,5
"2134",2134,5,2,36,14,6
"2135",2135,2,1,69,5,1
"2136",2136,1,2,69,10,2
"2137",2137,5,2,18,12,6
"2138",2138,4,2,79,3,6
"2139",2139,5,1,35,14,5
"2140",2140,5,2,47,13,4
"2141",2141,5,1,46,12,6
"2142",2142,5,2,44,13,6
"2143",2143,3,2,64,9,2
"2144",2144,2,2,69,NA,7
"2145",2145,2,2,34,9,7
"2146",2146,5,2,19,12,0
"2147",2147,5,1,39,17,7
"2148",2148,5,1,19,13,5
"2149",2149,2,1,42,13,5
"2150",2150,3,1,56,8,5
"2151",2151,5,2,22,9,5
"2152",2152,1,2,81,5,2
"2153",2153,3,2,79,13,4
"2154",2154,1,1,78,8,4
"2155",2155,1,1,72,16,6
"2156",2156,5,2,62,18,2
"2157",2157,5,1,46,13,6
"2158",2158,5,2,53,18,7
"2159",2159,1,2,74,13,3
"2160",2160,2,2,59,13,9
"2161",2161,4,1,66,8,4
"2162",2162,2,1,73,8,5
"2163",2163,4,2,52,8,9
"2164",2164,5,2,43,11,7
"2165",2165,5,2,41,8,4
"2166",2166,5,1,56,13,4
"2167",2167,5,1,25,17,4
"2168",2168,5,2,43,8,0
"2169",2169,1,2,78,12,6
"2170",2170,4,2,57,14,5
"2171",2171,5,2,51,18,8
"2172",2172,1,2,81,5,5
"2173",2173,5,2,23,13,6
"2174",2174,1,2,50,10,0
"2175",2175,5,1,16,11,7
"2176",2176,2,1,48,10,3
"2177",2177,4,1,35,12,0
"2178",2178,5,2,67,19,6
"2179",2179,5,2,42,13,6
"2180",2180,1,2,60,11,0
"2181",2181,5,1,54,18,4
"2182",2182,3,2,44,13,6
"2183",2183,5,2,41,12,0
"2184",2184,5,1,31,13,6
"2185",2185,5,1,24,10,5
"2186",2186,1,2,69,5,1
"2187",2187,2,2,63,13,5
"2188",2188,4,1,72,13,8
"2189",2189,5,2,55,9,4
"2190",2190,5,1,49,13,3
"2191",2191,2,1,79,13,2
"2192",2192,5,1,22,13,4
"2193",2193,5,1,19,12,4
"2194",2194,4,2,27,13,1
"2195",2195,5,1,28,13,6
"2196",2196,1,1,84,5,8
"2197",2197,5,1,23,11,2
"2198",2198,5,2,18,12,5
"2199",2199,5,1,29,13,7
"2200",2200,4,2,75,8,7
"2201",2201,5,2,20,12,6
"2202",2202,1,1,74,10,2
"2203",2203,1,2,68,5,6
"2204",2204,2,1,55,10,3
"2205",2205,1,2,80,6,7
"2206",2206,1,2,80,5,0
"2207",2207,5,2,62,14,0
"2208",2208,1,2,90,5,0
"2209",2209,5,1,47,13,7
"2210",2210,5,1,50,13,8
"2211",2211,1,2,80,5,3
"2212",2212,5,2,57,8,0
"2213",2213,1,2,78,10,0
"2214",2214,2,2,71,13,0
"2215",2215,5,1,62,16,2
"2216",2216,5,2,36,19,7
"2217",2217,1,2,80,5,5
"2218",2218,2,2,69,8,4
"2219",2219,3,1,45,14,1
"2220",2220,4,1,89,13,2
"2221",2221,5,1,20,14,0
"2222",2222,3,2,42,13,5
"2223",2223,3,1,46,8,2
"2224",2224,1,1,79,8,0
"2225",2225,5,2,32,16,6
"2226",2226,1,2,63,5,4
"2227",2227,1,2,78,8,6
"2228",2228,4,2,56,11,1
"2229",2229,4,2,50,10,4
"2230",2230,5,1,30,11,3
"2231",2231,3,2,56,12,6
"2232",2232,4,2,28,NA,0
"2233",2233,5,2,67,27,2
"2234",2234,5,2,57,13,0
"2235",2235,4,2,38,13,6
"2236",2236,5,2,18,12,NA
"2237",2237,5,2,50,13,1
"2238",2238,4,1,51,18,1
"2239",2239,2,2,60,11,6
"2240",2240,2,1,67,8,4
"2241",2241,3,2,65,13,2
"2242",2242,4,2,50,13,7
"2243",2243,3,2,55,13,0
"2244",2244,4,1,62,13,6
"2245",2245,1,2,71,9,4
"2246",2246,3,2,67,8,4
"2247",2247,5,1,74,8,2
"2248",2248,5,2,39,15,3
"2249",2249,5,2,24,18,2
"2250",2250,5,2,39,14,5
"2251",2251,5,1,65,18,6
"2252",2252,4,2,21,11,3
"2253",2253,5,1,77,18,3
"2254",2254,4,1,43,NA,0
"2255",2255,2,2,78,NA,2
"2256",2256,5,2,40,13,5
"2257",2257,1,1,66,8,3
"2258",2258,5,1,36,8,NA
"2259",2259,5,2,22,17,6
"2260",2260,1,1,58,10,3
"2261",2261,5,1,53,8,7
"2262",2262,3,2,64,13,4
"2263",2263,1,2,84,10,4
"2264",2264,5,2,26,13,5
"2265",2265,5,1,22,15,0
"2266",2266,5,1,23,15,6
"2267",2267,5,1,19,11,7
"2268",2268,4,1,46,8,0
"2269",2269,5,2,72,10,3
"2270",2270,5,2,39,13,0
"2271",2271,4,1,63,NA,7
"2272",2272,1,2,78,5,2
"2273",2273,5,2,26,18,7
"2274",2274,3,1,67,9,4
"2275",2275,5,1,78,19,5
"2276",2276,5,1,19,13,5
"2277",2277,3,1,43,13,2
"2278",2278,5,2,61,8,8
"2279",2279,4,2,29,NA,2
"2280",2280,5,2,45,13,0
"2281",2281,1,2,79,23,0
"2282",2282,5,2,43,22,7
"2283",2283,5,2,61,18,0
"2284",2284,1,2,64,8,7
"2285",2285,5,1,27,10,10
"2286",2286,5,2,49,14,4
"2287",2287,5,1,47,11,5
"2288",2288,5,2,19,16,5
"2289",2289,1,2,71,7,3
"2290",2290,2,1,53,8,2
"2291",2291,5,1,42,NA,7
"2292",2292,5,1,62,21,8
"2293",2293,5,2,24,21,8
"2294",2294,1,1,70,9,1
"2295",2295,5,2,38,NA,7
"2296",2296,5,1,44,20,4
"2297",2297,5,1,19,NA,3
"2298",2298,4,2,51,8,1
"2299",2299,1,2,NA,8,3
"2300",2300,5,1,31,16,10
"2301",2301,4,2,50,16,5
"2302",2302,5,2,41,13,2
"2303",2303,5,2,47,8,7
"2304",2304,1,2,64,NA,0
"2305",2305,5,2,17,12,5
"2306",2306,2,2,63,12,4
"2307",2307,5,2,58,13,7
"2308",2308,1,1,56,8,7
"2309",2309,5,2,60,20,7
"2310",2310,4,2,38,13,5
"2311",2311,4,2,71,12,6
"2312",2312,1,1,58,8,2
"2313",2313,4,2,53,8,0
"2314",2314,5,2,40,14,6
"2315",2315,5,1,54,13,2
"2316",2316,5,1,50,15,6
"2317",2317,5,1,52,13,6
"2318",2318,1,2,58,8,0
"2319",2319,5,2,32,15,6
"2320",2320,4,1,32,11,7
"2321",2321,4,1,74,8,5
"2322",2322,3,2,57,3,5
"2323",2323,3,1,64,NA,0
"2324",2324,2,1,42,NA,0
"2325",2325,5,1,58,11,7
"2326",2326,5,1,37,14,8
"2327",2327,2,2,62,5,3
"2328",2328,1,1,71,8,3
"2329",2329,5,1,22,15,6
"2330",2330,5,1,21,10,6
"2331",2331,4,2,37,18,3
"2332",2332,5,1,81,5,0
"2333",2333,5,2,28,8,5
"2334",2334,1,1,69,7,5
"2335",2335,1,1,75,5,4
"2336",2336,1,2,72,6,8
"2337",2337,1,2,73,2,4
"2338",2338,4,2,25,10,9
"2339",2339,4,2,48,13,0
"2340",2340,2,2,56,13,4
"2341",2341,5,1,50,12,6
"2342",2342,4,2,78,17,3
"2343",2343,5,2,69,8,1
"2344",2344,5,2,24,13,4
"2345",2345,5,1,30,8,5
"2346",2346,5,1,25,10,9
"2347",2347,5,2,58,13,5
"2348",2348,3,1,62,14,5
"2349",2349,1,1,76,8,5
"2350",2350,5,2,19,12,8
"2351",2351,5,1,20,17,1
"2352",2352,1,1,72,5,5
"2353",2353,5,2,84,18,1
"2354",2354,5,2,55,8,2
"2355",2355,4,1,65,14,6
"2356",2356,5,1,16,10,7
"2357",2357,5,2,41,13,4
"2358",2358,2,1,50,14,9
"2359",2359,5,1,22,13,1
"2360",2360,5,2,64,13,7
"2361",2361,1,1,73,5,5
"2362",2362,3,2,52,9,7
"2363",2363,NA,2,56,NA,1
"2364",2364,4,2,57,11,5
"2365",2365,2,2,71,6,6
"2366",2366,5,1,25,17,6
"2367",2367,3,2,32,8,0
"2368",2368,5,1,60,16,5
"2369",2369,5,1,35,16,4
"2370",2370,5,1,57,16,8
"2371",2371,5,1,59,12,5
"2372",2372,5,2,33,13,5
"2373",2373,2,2,73,8,1
"2374",2374,4,2,63,8,5
"2375",2375,4,1,68,10,3
"2376",2376,5,2,22,16,3
"2377",2377,1,1,67,8,0
"2378",2378,5,2,37,11,7
"2379",2379,5,1,34,8,7
"2380",2380,3,1,54,13,7
"2381",2381,5,1,41,13,6
"2382",2382,3,1,35,NA,NA
"2383",2383,1,2,70,5,2
"2384",2384,5,1,66,8,3
"2385",2385,5,1,17,11,2
"2386",2386,5,2,18,12,8
"2387",2387,5,2,52,10,2
"2388",2388,5,2,67,13,5
"2389",2389,4,1,75,13,1
"2390",2390,1,2,86,5,6
"2391",2391,5,1,44,11,4
"2392",2392,5,1,30,13,1
"2393",2393,5,2,16,11,5
"2394",2394,1,1,52,8,7
"2395",2395,1,2,73,5,0
"2396",2396,1,2,67,13,8
"2397",2397,5,2,25,14,6
"2398",2398,5,2,49,13,5
"2399",2399,5,1,43,19,8
"2400",2400,5,2,24,13,6
"2401",2401,4,1,32,12,5
"2402",2402,4,1,NA,9,2
"2403",2403,5,2,54,19,3
"2404",2404,5,1,17,10,7
"2405",2405,1,1,76,3,5
"2406",2406,2,2,58,8,5
"2407",2407,2,2,65,16,6
"2408",2408,5,1,56,13,0
"2409",2409,1,2,81,6,0
"2410",2410,5,1,20,13,7
"2411",2411,5,1,69,9,6
"2412",2412,1,1,66,13,0
"2413",2413,5,2,62,13,3
"2414",2414,2,2,76,9,3
"2415",2415,5,1,67,13,7
"2416",2416,4,2,56,12,8
"2417",2417,1,1,62,12,7
"2418",2418,5,1,26,20,6
"2419",2419,1,1,55,13,6
"2420",2420,5,2,61,13,2
"2421",2421,4,2,44,8,3
"2422",2422,4,1,39,19,5
"2423",2423,3,2,51,7,5
"2424",2424,1,2,76,5,4
"2425",2425,3,2,66,8,7
"2426",2426,1,1,46,NA,0
"2427",2427,3,2,61,8,7
"2428",2428,5,2,19,12,4
"2429",2429,4,1,39,10,0
"2430",2430,5,2,52,14,4
"2431",2431,5,1,36,14,5
"2432",2432,5,1,17,10,NA
"2433",2433,5,1,28,13,2
"2434",2434,5,1,41,13,4
"2435",2435,5,1,51,8,5
"2436",2436,1,2,84,8,NA
"2437",2437,1,2,87,5,5
"2438",2438,5,2,17,10,6
"2439",2439,5,2,27,8,0
"2440",2440,5,2,67,13,0
"2441",2441,1,1,70,8,1
"2442",2442,5,2,53,14,6
"2443",2443,4,2,33,7,6
"2444",2444,4,2,54,13,5
"2445",2445,4,2,56,8,6
"2446",2446,3,2,55,13,5
"2447",2447,4,1,31,8,6
"2448",2448,3,1,18,10,NA
"2449",2449,4,2,66,13,3
"2450",2450,4,2,55,8,6
"2451",2451,5,2,39,18,6
"2452",2452,5,2,25,13,0
"2453",2453,4,2,51,13,0
"2454",2454,5,1,51,17,6
"2455",2455,2,2,67,5,0
"2456",2456,5,2,16,10,5
"2457",2457,5,1,43,13,7
"2458",2458,4,2,47,13,7
"2459",2459,5,2,26,18,4
"2460",2460,5,1,50,13,7
"2461",2461,2,2,56,9,0
"2462",2462,5,2,38,19,5
"2463",2463,5,2,23,13,5
"2464",2464,5,2,45,21,5
"2465",2465,5,1,61,13,5
"2466",2466,2,1,58,10,2
"2467",2467,1,1,62,8,5
"2468",2468,3,1,70,NA,2
"2469",2469,5,1,30,19,7
"2470",2470,1,2,56,5,1
"2471",2471,2,2,39,12,8
"2472",2472,5,2,39,22,3
"2473",2473,5,2,18,12,0
"2474",2474,3,1,65,5,2
"2475",2475,5,1,29,13,3
"2476",2476,4,2,44,14,7
"2477",2477,3,2,34,15,6
"2478",2478,1,1,79,5,3
"2479",2479,2,2,34,10,NA
"2480",2480,5,2,65,3,3
"2481",2481,1,1,63,13,0
"2482",2482,5,1,25,16,6
"2483",2483,5,1,21,13,2
"2484",2484,1,1,62,8,10
"2485",2485,5,1,48,13,5
"2486",2486,3,2,68,8,0
"2487",2487,4,2,29,13,4
"2488",2488,5,1,77,20,10
"2489",2489,1,2,40,15,NA
"2490",2490,1,2,69,5,6
"2491",2491,2,1,82,5,6
"2492",2492,5,1,47,8,8
"2493",2493,5,2,30,17,6
"2494",2494,4,1,49,14,3
"2495",2495,4,1,17,8,5
"2496",2496,5,2,72,13,3
"2497",2497,1,2,82,5,1
"2498",2498,1,2,65,8,5
"2499",2499,1,1,83,5,4
"2500",2500,1,1,74,8,3
"2501",2501,1,2,69,8,5
"2502",2502,5,1,22,16,5
"2503",2503,1,1,70,8,2
"2504",2504,5,1,16,9,1
"2505",2505,4,1,42,13,0
"2506",2506,1,2,76,4,0
"2507",2507,5,2,72,5,5
"2508",2508,1,1,83,5,3
"2509",2509,5,1,34,20,4
"2510",2510,5,1,40,13,5
"2511",2511,5,2,30,16,5
"2512",2512,1,2,80,4,8
"2513",2513,1,2,59,8,NA
"2514",2514,4,2,NA,NA,0
"2515",2515,1,2,71,6,NA
"2516",2516,4,1,40,15,3
"2517",2517,1,2,83,5,4
"2518",2518,5,1,62,16,8
"2519",2519,5,1,20,13,4
"2520",2520,3,1,62,12,7
"2521",2521,5,1,45,17,4
"2522",2522,5,1,20,13,7
"2523",2523,1,1,86,5,5
"2524",2524,1,2,81,5,1
"2525",2525,5,2,25,15,7
"2526",2526,2,2,51,8,0
"2527",2527,5,2,67,8,5
"2528",2528,3,1,59,9,2
"2529",2529,5,1,46,13,8
"2530",2530,5,1,18,12,3
"2531",2531,5,2,25,16,5
"2532",2532,5,2,22,16,8
"2533",2533,5,1,26,22,4
"2534",2534,5,2,21,13,4
"2535",2535,1,2,84,6,3
"2536",2536,4,1,39,17,6
"2537",2537,1,1,71,12,7
"2538",2538,5,1,19,13,8
"2539",2539,2,1,37,11,7
"2540",2540,5,1,60,15,5
"2541",2541,4,2,72,19,5
"2542",2542,5,1,25,18,4
"2543",2543,5,2,59,10,NA
"2544",2544,2,2,61,13,8
"2545",2545,2,2,68,7,4
"2546",2546,4,2,65,18,6
"2547",2547,5,1,40,18,4
"2548",2548,5,2,20,13,5
"2549",2549,3,1,24,17,5
"2550",2550,1,2,77,8,0
"2551",2551,1,1,68,13,2
"2552",2552,5,1,24,13,4
"2553",2553,5,1,48,NA,4
"2554",2554,3,2,59,10,2
"2555",2555,1,2,85,5,0
"2556",2556,5,2,31,13,4
"2557",2557,2,2,65,8,3
"2558",2558,3,1,66,9,4
"2559",2559,1,1,56,4,2
"2560",2560,5,1,20,16,6
"2561",2561,5,2,36,8,7
"2562",2562,5,2,23,16,1
"2563",2563,3,2,20,5,2
"2564",2564,5,1,56,16,6
"2565",2565,5,2,50,13,3
"2566",2566,1,2,76,13,7
"2567",2567,4,2,47,13,4
"2568",2568,4,2,41,3,0
"2569",2569,5,1,59,13,3
"2570",2570,5,1,50,8,6
"2571",2571,4,2,33,13,4
"2572",2572,5,2,20,13,7
"2573",2573,5,2,44,13,1
"2574",2574,5,2,55,14,5
"2575",2575,5,2,49,13,6
"2576",2576,3,2,46,8,4
"2577",2577,5,2,36,8,3
"2578",2578,4,2,22,8,5
"2579",2579,3,2,66,10,NA
"2580",2580,4,1,45,11,7
"2581",2581,2,2,65,30,8
"2582",2582,1,2,85,3,0
"2583",2583,5,1,73,14,6
"2584",2584,5,1,54,13,2
"2585",2585,5,1,30,18,8
"2586",2586,4,1,45,16,9
"2587",2587,2,1,NA,NA,6
"2588",2588,5,2,58,19,5
"2589",2589,4,1,29,13,8
"2590",2590,3,2,54,12,5
"2591",2591,5,1,25,18,7
"2592",2592,5,1,41,13,6
"2593",2593,5,1,50,13,0
"2594",2594,4,2,27,13,3
"2595",2595,3,2,37,14,5
"2596",2596,1,1,80,NA,0
"2597",2597,5,2,24,16,3
"2598",2598,2,2,66,8,4
"2599",2599,1,1,81,8,5
"2600",2600,5,2,25,21,10
"2601",2601,5,1,58,10,4
"2602",2602,5,1,44,18,4
"2603",2603,3,1,68,NA,5
"2604",2604,4,2,46,8,2
"2605",2605,4,1,54,13,7
"2606",2606,1,1,54,6,5
"2607",2607,5,1,33,13,8
"2608",2608,4,2,46,16,0
"2609",2609,5,1,36,15,5
"2610",2610,5,2,43,13,6
"2611",2611,4,1,43,13,6
"2612",2612,5,2,27,14,7
"2613",2613,5,2,26,15,5
"2614",2614,5,2,16,11,2
"2615",2615,1,1,74,5,6
"2616",2616,4,1,45,12,0
"2617",2617,5,2,45,10,4
"2618",2618,1,1,66,8,0
"2619",2619,4,2,27,10,7
"2620",2620,4,1,35,8,7
"2621",2621,5,2,52,10,7
"2622",2622,5,2,46,8,2
"2623",2623,4,1,24,12,5
"2624",2624,5,1,24,20,8
"2625",2625,1,1,81,NA,7
"2626",2626,4,1,62,8,4
"2627",2627,5,1,29,9,4
"2628",2628,5,2,37,18,6
"2629",2629,5,1,52,20,0
"2630",2630,5,2,34,13,8
"2631",2631,5,1,45,18,6
"2632",2632,5,2,66,8,4
"2633",2633,1,2,75,5,0
"2634",2634,3,2,55,11,NA
"2635",2635,5,1,33,9,7
"2636",2636,4,2,68,13,3
"2637",2637,3,2,48,8,5
"2638",2638,4,2,67,8,3
"2639",2639,1,2,84,5,1
"2640",2640,5,2,45,8,6
"2641",2641,1,2,82,NA,8
"2642",2642,2,1,52,8,3
"2643",2643,5,2,20,14,7
"2644",2644,3,1,79,17,9
"2645",2645,2,2,51,8,7
"2646",2646,4,1,25,10,0
"2647",2647,1,1,74,8,2
"2648",2648,5,1,50,20,3
"2649",2649,5,1,47,16,5
"2650",2650,1,2,NA,13,4
"2651",2651,5,2,76,13,6
"2652",2652,1,2,51,8,5
"2653",2653,5,2,62,13,2
"2654",2654,5,1,51,13,5
"2655",2655,5,1,45,10,4
"2656",2656,5,2,54,NA,NA
"2657",2657,4,1,60,5,2
"2658",2658,5,1,51,12,NA
"2659",2659,4,1,35,8,6
"2660",2660,2,2,53,8,NA
"2661",2661,3,2,77,15,6
"2662",2662,5,2,21,15,6
"2663",2663,2,2,36,16,5
"2664",2664,5,1,55,13,6
"2665",2665,2,2,57,13,7
"2666",2666,3,1,55,14,7
"2667",2667,1,2,68,5,5
"2668",2668,1,1,70,3,5
"2669",2669,5,1,28,18,2
"2670",2670,5,2,46,7,5
"2671",2671,5,2,55,12,6
"2672",2672,5,1,36,18,3
"2673",2673,4,2,56,8,4
"2674",2674,2,1,69,13,0
"2675",2675,5,1,68,14,2
"2676",2676,5,1,19,13,5
"2677",2677,5,2,53,18,8
"2678",2678,1,2,88,18,6
"2679",2679,1,2,59,5,5
"2680",2680,2,2,54,8,4
"2681",2681,5,1,19,10,NA
"2682",2682,1,1,82,1,0
"2683",2683,4,1,48,14,0
"2684",2684,1,2,67,6,4
"2685",2685,5,1,42,18,4
"2686",2686,5,2,25,13,0
"2687",2687,4,1,NA,18,6
"2688",2688,1,1,85,3,0
"2689",2689,5,2,28,13,6
"2690",2690,5,2,22,13,7
"2691",2691,4,1,26,9,5
"2692",2692,5,2,55,13,4
"2693",2693,1,2,72,8,4
"2694",2694,5,1,59,14,1
"2695",2695,1,1,73,14,3
"2696",2696,4,2,NA,13,4
"2697",2697,5,1,55,13,0
"2698",2698,1,1,71,13,6
"2699",2699,1,1,70,8,10
"2700",2700,5,1,24,17,4
"2701",2701,2,1,58,13,2
"2702",2702,5,1,19,13,5
"2703",2703,3,1,74,13,4
"2704",2704,5,2,24,18,6
"2705",2705,5,1,18,12,6
"2706",2706,3,1,46,13,7
"2707",2707,1,1,74,5,0
"2708",2708,1,1,72,8,4
"2709",2709,5,1,58,13,0
"2710",2710,4,2,46,12,8
"2711",2711,4,1,58,13,4
"2712",2712,5,2,65,13,4
"2713",2713,4,1,52,8,3
"2714",2714,1,1,83,5,0
"2715",2715,4,1,58,13,0
"2716",2716,2,2,70,5,3
"2717",2717,5,2,54,8,3
"2718",2718,5,2,44,8,8
"2719",2719,5,1,28,21,8
"2720",2720,1,2,71,8,9
"2721",2721,3,1,41,8,0
"2722",2722,5,1,24,15,5
"2723",2723,5,1,69,19,8
"2724",2724,1,2,66,8,4
"2725",2725,3,2,40,8,1
"2726",2726,5,2,52,9,5
"2727",2727,1,2,80,5,8
"2728",2728,1,1,73,8,7
"2729",2729,1,2,70,8,7
"2730",2730,5,2,47,13,6
"2731",2731,5,2,37,13,5
"2732",2732,5,1,69,13,5
"2733",2733,1,2,74,5,2
"2734",2734,1,2,57,5,3
"2735",2735,5,1,55,11,1
"2736",2736,2,2,45,5,6
"2737",2737,1,1,71,18,0
"2738",2738,5,2,19,12,4
"2739",2739,5,2,44,10,8
"2740",2740,2,1,78,2,8
"2741",2741,1,2,82,12,8
"2742",2742,3,1,44,10,6
"2743",2743,5,1,52,13,3
"2744",2744,5,2,58,13,7
"2745",2745,4,2,56,8,6
