"v960066","v960067","v960070","v960071","v960073","v960115","v960119","v960272","v960281","v960284","v960292","v960293","v960365","v960385","v960420","v960568","v960571","v960605","v960606","v960610","v960701","v961039","v961300","religion"
1,1,3,3,2,1,574,0,0,85,0,85,6,3,4,3,2,32,3,3,21,70,5,2
1,1,2,2,1,1,0,60,30,70,30,60,5,1,5,4,1,42,1,6,22,50,5,2
1,1,2,2,2,1,0,70,85,15,70,30,2,1,2,4,2,53,1,6,24,70,5,9
1,1,2,2,3,1,0,30,40,60,40,60,5,3,5,1,2,31,1,7,21,50,5,9
2,1,4,2,3,1,0,40,60,30,40,60,4,3,4,4,1,34,1,6,21,50,5,2
1,1,3,3,4,1,7323,70,15,60,40,60,4,5,5,2,1,73,1,1,NA,NA,NA,9
2,1,2,2,2,1,7323,0,15,30,30,70,3,3,1,4,1,40,1,7,24,NA,NA,2
2,1,1,1,1,1,23,40,50,60,40,85,4,1,1,3,1,48,1,4,NA,85,5,2
2,1,1,1,1,1,23,90,100,15,90,30,2,1,0,4,1,49,1,7,24,85,1,1
2,2,3,3,3,1,7323,85,70,0,60,0,NA,3,1,3,1,76,2,5,11,30,5,1
1,1,2,2,1,1,7323,85,100,0,85,70,5,1,1,5,1,19,5,4,11,85,5,7
1,1,3,3,3,1,7323,40,15,60,15,50,6,3,6,3,2,32,1,3,17,NA,NA,9
2,1,1,2,1,1,7323,85,85,0,100,0,4,1,0,4,1,44,5,5,18,NA,NA,2
1,1,4,3,3,1,6,50,60,40,50,60,5,5,4,4,2,39,3,3,17,60,5,9
2,1,2,1,3,1,9,85,60,0,60,40,NA,1,1,4,1,51,1,7,21,50,5,1
2,1,4,2,4,1,9,60,50,50,50,60,4,3,5,2,1,33,1,6,17,50,5,1
1,1,1,2,1,1,0,50,0,60,85,85,6,5,6,4,1,55,1,7,24,30,5,2
2,1,2,2,2,1,0,85,70,0,85,30,4,1,0,4,1,39,1,6,23,60,1,3
1,1,1,1,2,1,1586,15,0,70,30,70,4,3,6,2,1,56,5,7,24,15,5,1
2,2,2,2,2,1,1586,50,40,20,40,30,NA,5,0,5,1,60,4,5,6,100,1,7
2,1,4,3,3,1,19,70,85,NA,70,60,5,1,1,2,1,32,3,4,17,85,5,2
2,1,3,3,3,1,19,50,0,70,60,85,4,5,4,4,1,71,1,3,6,NA,NA,2
2,4,3,2,3,2,37,70,70,50,85,70,4,1,2,4,1,51,1,6,16,70,5,1
2,1,2,3,1,2,14,85,60,0,70,30,3,1,0,3,1,62,1,6,21,85,5,2
2,1,3,2,2,2,42,70,60,30,70,40,3,1,0,2,1,32,1,7,23,70,5,2
1,2,3,3,3,2,2784,75,85,0,60,0,3,3,0,1,2,39,5,3,1,NA,NA,9
1,2,3,3,3,2,2784,100,70,10,100,0,4,3,0,1,1,41,3,3,12,NA,NA,1
1,1,3,3,3,2,33,30,0,50,70,70,6,3,5,2,1,51,2,4,1,50,5,2
1,1,3,3,2,2,33,50,0,25,0,100,6,3,6,3,1,88,2,2,12,60,5,2
2,1,2,2,2,2,5,85,70,40,85,15,4,1,0,4,1,32,5,5,16,60,1,9
2,1,3,2,3,2,71,70,30,NA,70,70,NA,3,5,2,1,58,1,2,9,100,5,9
2,1,1,2,2,2,17,100,85,0,85,30,2,1,0,4,1,57,1,6,22,60,5,2
2,1,1,2,1,2,14,85,75,15,35,35,5,1,2,2,1,40,3,5,15,40,1,7
2,2,3,3,3,2,1028,70,50,NA,70,50,NA,5,2,3,1,32,5,3,4,NA,NA,7
2,2,3,3,2,2,1028,100,100,70,100,15,NA,3,0,2,1,38,5,7,18,NA,NA,7
2,1,2,2,3,2,506,70,70,50,85,40,4,1,0,2,1,31,5,3,14,100,5,9
1,1,1,1,1,2,34,70,50,85,60,70,5,1,4,2,1,55,1,7,23,30,5,2
2,1,1,1,2,2,4,90,100,70,70,30,3,1,0,5,1,50,1,7,NA,85,1,1
1,1,3,3,3,2,0,70,60,30,70,40,5,1,1,2,1,35,5,3,15,40,5,1
2,1,1,1,1,2,0,70,85,0,60,40,2,1,1,5,1,31,5,7,17,60,1,9
1,1,2,2,2,2,0,70,30,15,70,60,5,3,1,4,1,48,1,4,20,30,5,1
2,2,3,3,2,2,0,60,50,40,60,60,4,1,3,4,1,47,6,4,5,NA,NA,1
1,1,2,2,2,2,0,85,60,0,95,70,3,1,2,2,NA,43,3,7,24,NA,NA,9
2,1,3,3,2,2,15,70,60,40,60,40,4,1,2,2,1,36,5,3,16,60,5,9
2,1,4,3,2,2,15,60,40,0,60,0,2,5,1,4,1,51,1,4,12,100,1,9
2,1,3,2,3,2,15,70,70,0,70,15,2,5,2,2,1,NA,3,7,18,100,1,7
1,1,2,2,2,3,76,85,70,30,85,60,2,1,0,4,1,36,1,4,20,70,5,7
1,1,2,2,2,3,29,60,15,60,40,60,6,1,6,5,1,49,3,6,23,40,5,9
1,4,4,3,3,3,171,70,70,NA,50,50,4,5,6,1,2,25,5,4,16,60,5,9
1,1,1,2,4,3,24,15,0,70,50,70,6,5,4,1,2,61,3,3,21,50,5,9
2,1,1,1,2,3,24,70,60,15,60,40,3,3,1,5,1,38,1,7,24,60,5,2
2,1,2,2,1,3,24,60,70,50,50,50,5,3,4,1,2,36,1,4,18,45,5,9
1,2,2,2,1,3,736,70,60,40,60,50,6,1,2,2,1,47,5,7,4,60,5,7
1,2,1,1,1,3,2,100,100,0,70,0,1,3,1,5,1,66,1,4,12,NA,NA,7
2,1,2,2,2,3,87,70,70,50,50,50,4,3,6,5,1,57,4,4,24,70,5,2
2,2,3,3,3,3,22,100,70,NA,100,30,NA,1,0,2,1,42,5,3,1,70,5,9
1,1,3,2,3,3,1631,0,0,15,15,85,6,3,6,4,1,42,1,6,NA,50,5,2
2,1,2,2,2,3,1631,70,85,0,60,85,5,1,6,5,1,50,1,7,23,90,5,1
1,1,3,2,3,3,1631,60,50,30,60,40,4,1,1,1,1,30,1,6,20,40,5,2
2,1,1,2,1,3,1631,15,0,85,30,70,7,1,6,4,1,29,1,6,NA,40,5,1
1,1,2,2,2,3,1631,60,70,30,70,70,5,3,2,4,1,57,1,4,23,75,5,1
2,1,4,2,3,3,1631,70,60,30,60,40,5,1,1,4,1,29,1,5,NA,60,5,1
2,2,5,4,5,3,0,100,NA,NA,50,NA,NA,5,3,2,1,39,4,1,3,100,5,1
2,1,2,2,2,3,0,100,85,40,85,65,5,1,2,4,1,72,1,4,12,85,1,1
2,1,3,3,2,3,0,0,0,70,50,70,5,3,5,4,1,41,1,3,11,40,5,1
1,1,3,3,3,3,64,100,100,60,100,70,2,3,0,2,1,24,5,2,5,NA,NA,9
1,1,1,2,1,3,1631,15,0,85,15,85,6,3,6,2,1,38,5,6,17,15,5,9
2,2,2,2,1,3,1631,85,85,30,100,15,3,3,1,5,1,24,5,6,6,70,5,9
2,1,4,3,3,3,1631,85,85,50,60,50,NA,5,2,2,1,22,1,3,15,100,5,2
2,1,3,3,2,3,1631,100,85,50,100,0,4,3,0,2,1,70,2,3,12,85,5,1
1,1,2,2,1,3,101,15,15,85,40,85,6,5,6,4,1,59,1,5,21,50,5,1
2,1,3,3,2,3,129,50,10,30,30,50,6,3,6,2,1,37,3,4,18,60,5,1
1,2,3,2,3,3,448,70,70,NA,100,0,NA,1,0,3,1,18,5,2,20,85,1,9
2,2,2,2,3,3,448,100,100,50,70,85,4,3,0,1,1,34,1,3,2,100,1,9
2,1,3,3,3,4,75,0,15,60,30,85,6,3,6,2,1,62,1,6,22,15,5,1
2,1,3,3,3,4,75,60,30,30,40,60,5,3,5,2,1,43,1,6,NA,60,5,1
2,1,3,3,2,4,75,30,40,50,30,70,5,5,5,2,1,37,1,4,21,60,5,2
1,1,3,2,3,4,55,30,0,70,15,85,5,1,6,4,2,49,1,4,22,60,5,9
2,1,3,3,3,4,55,15,15,50,40,60,4,5,5,2,1,45,1,3,22,70,5,1
1,1,2,2,2,4,468,85,70,70,70,60,2,1,1,2,2,48,1,4,21,70,1,9
1,1,4,3,3,4,468,30,15,60,15,60,5,1,5,2,2,40,4,4,19,50,5,7
2,1,2,2,2,4,126,70,85,30,70,60,3,3,2,4,2,25,1,6,19,70,5,9
2,1,2,2,2,4,19,85,100,0,85,15,2,1,0,5,1,36,1,6,24,70,5,3
1,1,1,2,1,4,111,85,85,40,70,70,3,3,5,5,1,44,3,5,18,100,5,2
1,NA,NA,NA,NA,4,3485,60,70,15,85,40,4,1,0,2,1,91,2,1,7,NA,NA,9
1,NA,NA,NA,NA,4,3485,50,0,70,40,60,2,1,5,1,2,33,3,4,20,NA,NA,2
1,NA,4,4,4,4,15,15,10,NA,40,15,2,5,1,2,1,24,5,3,19,40,5,9
1,1,2,3,2,4,429,70,70,30,50,50,4,1,1,1,2,53,1,3,20,60,5,9
2,1,2,2,2,4,15,85,85,0,85,0,NA,3,0,4,1,54,1,3,23,70,5,9
1,4,4,2,3,4,15,70,60,40,70,NA,7,1,NA,2,1,41,1,3,20,NA,NA,1
2,1,3,2,2,4,15,70,60,30,60,70,6,1,4,2,1,37,3,6,10,70,5,1
1,1,2,1,2,4,516,85,90,5,80,40,2,1,1,4,2,48,5,6,NA,70,1,9
2,1,3,3,3,4,516,85,85,0,50,70,4,3,4,2,1,34,1,3,20,90,5,1
2,1,2,2,2,4,0,60,0,60,60,40,6,1,1,5,1,36,3,4,14,70,5,1
2,1,4,3,4,4,0,100,100,NA,85,85,NA,1,2,1,1,35,1,3,19,85,5,2
1,1,4,3,3,4,12,60,50,NA,40,50,NA,3,4,4,1,29,1,3,20,50,5,2
2,1,2,2,1,4,12,65,85,40,70,65,6,5,5,4,1,42,5,4,6,70,5,1
2,1,4,3,3,4,12,90,65,60,80,75,4,3,2,4,1,20,1,3,15,55,5,9
2,1,3,3,3,4,12,70,40,30,60,40,3,NA,1,2,1,70,2,3,14,40,5,9
2,1,5,2,5,4,12,50,50,40,50,50,2,NA,1,5,2,34,5,7,15,100,1,9
2,1,4,3,4,4,12,85,70,0,85,40,4,1,2,1,1,40,1,3,24,60,5,9
2,NA,NA,NA,NA,4,12,50,50,50,50,50,NA,3,NA,3,1,38,5,4,6,NA,5,7
1,1,1,1,2,4,44,70,85,70,70,30,6,1,0,5,1,60,1,7,NA,60,5,1
2,1,1,1,1,4,44,60,60,30,60,60,5,1,2,4,1,78,2,4,9,NA,NA,2
2,1,4,2,3,4,44,60,60,30,60,40,NA,1,1,4,1,32,1,6,22,60,5,2
2,1,4,3,3,4,25,0,0,70,50,50,2,3,3,1,2,28,1,4,18,50,5,9
1,1,4,1,3,4,25,50,40,60,40,40,5,1,3,1,1,44,1,7,21,50,5,1
2,1,3,3,3,4,51,0,0,NA,0,75,NA,5,6,5,1,85,3,3,12,70,5,1
2,NA,NA,NA,NA,4,294,85,85,60,70,85,NA,5,5,2,1,54,1,3,16,70,5,9
1,2,2,2,2,4,724,70,85,0,60,50,5,NA,1,4,1,63,1,4,23,NA,NA,9
2,1,3,2,2,1,0,40,40,0,60,70,5,3,5,4,1,45,1,7,24,60,5,2
1,1,1,1,2,1,80,30,0,40,40,85,5,5,5,3,1,66,1,6,16,85,5,7
2,1,4,2,4,1,80,70,70,30,50,50,NA,1,3,2,1,59,1,3,19,NA,NA,9
2,1,3,2,3,1,80,60,40,15,60,50,3,1,2,2,1,44,1,6,19,60,1,2
1,1,3,2,3,1,80,30,50,50,40,52,6,5,3,4,1,45,1,6,18,50,5,7
1,1,2,2,2,1,0,70,50,30,60,40,6,3,3,2,2,68,1,6,14,50,5,9
2,1,3,1,2,1,0,70,70,40,60,40,3,3,2,4,1,22,5,6,4,70,1,9
1,1,2,2,1,1,0,15,0,60,40,85,6,3,5,2,2,25,5,3,16,50,5,2
1,1,2,2,2,1,65,50,30,70,30,70,NA,3,5,4,1,63,1,4,19,60,5,2
1,1,3,3,2,1,65,85,70,0,85,50,NA,1,0,2,1,53,1,2,16,70,5,9
1,1,1,1,1,1,65,60,70,50,100,0,NA,3,1,2,2,32,1,3,17,50,5,9
2,1,3,2,1,1,0,70,60,30,85,15,4,3,1,2,2,21,5,4,2,100,5,9
2,1,4,3,3,1,0,70,70,30,85,0,NA,5,0,2,1,37,4,3,9,50,5,9
1,1,4,4,2,1,0,30,85,NA,50,85,4,3,6,4,1,45,1,3,3,85,5,1
2,1,2,1,2,1,0,15,0,70,40,70,4,3,4,5,1,33,1,5,24,70,5,1
2,1,1,1,1,1,0,0,0,70,15,85,6,1,6,5,1,52,1,6,24,15,5,1
2,1,4,3,3,1,0,40,0,0,40,70,NA,3,1,1,1,69,1,3,14,70,5,2
2,1,4,3,3,1,0,70,60,40,50,50,2,3,3,1,1,42,3,3,10,70,5,9
2,2,4,4,3,1,328,100,100,70,85,80,NA,5,2,5,1,65,2,1,3,85,1,1
2,2,1,1,1,1,328,70,86,40,100,60,3,3,0,3,1,62,2,3,12,50,5,1
2,2,2,2,1,1,328,70,60,0,50,50,3,3,1,4,2,51,3,4,9,NA,NA,1
2,1,2,2,2,1,0,0,0,60,15,70,4,3,5,2,1,70,2,3,NA,60,5,9
1,2,1,2,1,1,0,40,15,30,40,70,4,3,5,1,1,37,5,5,12,70,5,1
2,1,3,2,4,1,12,0,0,15,30,40,NA,3,3,2,1,74,2,2,NA,NA,NA,1
1,1,1,2,2,1,12,50,30,50,40,60,4,5,4,2,1,54,1,4,NA,70,5,1
2,1,3,3,2,1,12,70,60,NA,70,70,3,3,3,2,1,32,1,3,18,60,5,2
1,1,1,1,1,1,12,40,50,85,50,50,4,5,5,5,1,63,1,7,21,60,5,2
2,1,3,3,3,1,0,70,50,0,50,0,4,1,3,4,1,73,2,3,5,NA,NA,2
2,1,4,2,4,1,0,60,50,0,30,30,NA,3,2,1,1,85,2,2,6,50,5,1
1,4,2,1,1,1,0,70,50,30,50,80,3,3,4,2,1,52,1,6,21,60,5,7
2,1,1,2,1,2,63,0,0,40,0,70,6,3,6,2,1,30,5,6,12,70,5,2
2,1,3,2,3,2,63,30,15,30,30,70,6,3,4,1,1,53,3,5,14,15,5,1
2,1,5,3,4,2,63,70,70,40,40,50,3,5,NA,1,1,19,5,3,NA,100,5,2
2,1,4,3,3,2,20,60,50,60,60,85,NA,5,5,4,1,33,1,3,21,50,5,2
1,1,1,2,1,2,20,0,0,60,0,60,6,1,6,4,1,54,1,5,20,40,5,1
1,1,2,2,2,2,20,0,0,30,0,30,6,1,4,5,1,38,1,4,21,30,5,2
1,1,4,3,2,2,20,100,100,100,0,100,NA,5,4,1,1,19,5,2,22,60,5,2
1,1,3,2,3,2,5,40,0,70,30,60,6,1,5,2,1,27,5,6,23,NA,NA,1
2,1,3,2,2,2,5,80,60,15,70,40,3,5,2,2,2,50,3,3,16,70,5,9
1,1,4,4,3,2,5,0,NA,NA,30,70,6,3,5,4,1,61,1,4,20,0,5,2
1,2,4,4,2,2,628,100,85,50,85,60,NA,1,0,5,1,32,5,3,10,70,5,1
2,2,3,3,3,2,628,100,100,0,50,70,NA,5,4,2,1,38,1,3,18,85,5,7
2,1,4,2,2,2,191,70,70,50,60,40,3,3,1,4,1,20,5,4,1,85,5,2
2,4,3,2,2,2,191,60,70,60,60,40,2,1,2,3,2,20,5,4,2,85,1,9
2,4,2,2,2,2,191,50,50,50,60,70,5,3,5,4,1,22,5,4,1,50,5,1
2,1,1,1,1,2,191,70,100,30,85,0,2,1,0,5,1,47,1,7,NA,85,1,7
2,1,2,2,2,2,191,70,70,15,70,30,2,1,0,4,2,52,1,6,24,85,1,1
1,1,2,1,2,2,191,85,60,0,70,40,3,1,0,2,1,35,1,6,23,NA,NA,9
1,1,4,2,3,2,191,70,70,50,60,30,3,3,2,2,1,39,1,5,21,60,5,2
2,1,3,2,2,2,0,70,85,0,60,30,4,3,2,4,1,48,1,5,20,60,5,9
1,1,2,2,3,2,0,30,30,60,40,70,5,1,6,2,1,45,1,4,21,85,5,1
1,1,2,2,2,2,0,60,50,0,60,40,3,1,0,4,2,50,5,4,16,70,5,9
1,1,4,2,2,2,0,87,80,40,83,70,4,1,2,4,1,28,5,6,15,85,5,2
2,1,4,3,2,2,0,100,70,30,100,60,4,1,1,3,1,73,1,3,12,60,5,1
2,1,4,3,3,2,6,15,40,40,30,85,6,3,6,2,1,77,2,4,5,30,5,1
2,1,3,3,3,2,0,50,0,0,30,85,NA,5,5,2,1,52,1,4,18,60,5,1
1,1,3,3,2,2,0,85,85,30,85,30,2,1,0,2,1,30,3,4,17,70,5,1
2,1,2,2,2,2,0,40,50,70,60,85,6,3,6,4,1,30,5,6,19,50,5,1
2,1,3,3,3,2,0,60,50,0,60,60,6,3,1,3,1,74,2,3,6,50,5,1
2,1,5,3,3,2,6,30,60,NA,60,70,NA,3,3,2,2,25,3,2,2,NA,NA,9
1,1,3,3,3,2,6,60,15,40,60,60,5,3,5,2,1,55,1,3,13,60,5,1
2,1,3,2,2,2,193,70,60,15,50,50,4,1,1,2,1,30,1,6,21,NA,NA,1
1,1,2,2,1,2,193,30,15,70,30,85,6,3,6,2,1,35,1,3,20,40,5,1
1,1,5,3,3,2,193,50,60,50,70,60,NA,5,2,1,1,20,5,3,12,NA,NA,7
2,1,5,3,3,2,193,85,85,NA,NA,NA,NA,5,0,2,1,19,5,2,NA,NA,NA,9
2,1,4,3,3,2,5,100,100,0,100,0,4,1,0,2,1,70,1,3,10,85,5,2
2,1,3,2,4,2,5,15,0,70,40,70,6,5,6,3,1,53,1,3,23,60,5,1
1,1,3,3,3,2,5,30,30,15,40,60,5,3,5,4,1,70,1,6,21,70,5,1
2,1,3,2,1,2,0,70,50,30,85,60,NA,3,0,3,1,58,1,3,22,60,5,9
1,1,3,2,1,2,0,85,60,0,60,30,NA,3,5,2,1,64,1,4,16,NA,5,2
2,1,3,3,3,3,6,90,90,50,90,90,NA,1,1,2,1,46,4,3,10,95,5,1
2,2,4,3,3,3,6,15,50,NA,50,50,NA,5,3,4,1,32,5,1,8,100,5,9
1,1,2,2,2,3,6,60,60,15,60,40,4,3,2,2,1,25,1,3,21,50,5,1
2,1,3,3,3,3,6,70,60,70,70,60,5,1,6,2,1,46,1,4,20,40,5,1
2,1,2,2,2,3,0,40,0,15,60,60,5,5,5,4,1,51,1,4,NA,70,1,2
2,1,2,2,1,3,0,100,85,0,70,15,5,1,0,1,1,72,3,3,NA,60,5,1
2,1,2,2,2,3,0,60,50,50,60,60,6,5,4,2,1,31,1,5,5,60,5,1
2,1,3,3,3,3,25,60,60,50,60,60,6,1,5,5,1,73,2,3,NA,NA,NA,1
2,1,2,2,2,3,25,30,60,40,40,70,6,1,5,4,1,41,1,4,20,70,5,1
1,2,3,3,3,3,179,100,85,30,100,30,6,3,1,2,1,48,3,4,16,70,5,1
2,2,5,3,4,3,179,100,100,0,100,60,NA,1,0,5,1,60,1,2,13,100,5,1
2,2,5,4,3,3,25,50,50,NA,50,50,NA,1,3,5,2,25,5,3,2,50,5,1
1,2,5,5,4,3,25,0,70,NA,0,0,5,5,0,5,1,64,4,1,3,30,5,1
2,2,5,4,4,3,25,85,100,NA,100,15,NA,3,0,2,1,47,3,2,9,100,5,7
1,2,2,2,2,3,0,85,100,0,60,40,NA,1,2,2,1,35,1,6,16,100,5,1
2,2,4,3,4,3,0,85,70,15,85,15,NA,3,0,4,1,32,1,5,20,70,5,7
2,2,2,2,2,3,0,100,60,50,100,60,2,1,0,5,1,38,1,6,NA,85,5,1
2,1,3,2,3,3,18,40,30,30,60,60,2,3,2,4,1,24,5,4,14,NA,NA,7
2,1,1,1,2,3,18,85,85,40,85,40,5,1,3,4,1,61,1,3,NA,60,5,1
2,2,5,4,2,3,0,100,NA,NA,100,70,NA,3,0,1,1,42,5,2,5,100,5,7
2,2,3,3,5,3,635,100,100,0,100,40,1,1,0,1,1,34,5,3,10,NA,NA,1
2,2,4,3,3,3,635,70,40,50,70,30,2,5,0,2,1,24,5,6,8,85,1,7
2,1,3,3,3,3,4,85,70,30,100,0,NA,1,0,1,1,58,3,1,3,40,5,1
1,1,2,2,2,3,0,40,15,30,40,85,6,1,6,2,1,53,3,6,16,50,5,9
2,1,3,2,3,3,0,100,85,60,100,50,4,3,0,4,2,79,2,5,NA,65,5,9
2,1,4,3,3,3,0,60,60,NA,50,70,5,5,5,4,1,38,4,3,4,NA,NA,1
1,1,3,3,1,3,0,40,50,60,60,70,5,1,4,4,1,18,5,3,17,85,5,1
1,1,2,2,2,3,0,50,15,0,40,25,6,5,1,1,1,38,1,3,NA,15,5,9
2,NA,NA,NA,NA,3,0,0,0,40,50,50,3,3,5,2,1,33,3,3,16,50,5,1
2,1,3,2,2,3,0,30,30,30,40,70,6,3,4,4,1,58,1,2,20,NA,NA,2
2,1,3,3,3,3,0,50,0,0,0,100,6,5,4,1,1,79,2,3,10,40,5,2
2,2,4,3,4,3,0,70,70,NA,100,30,1,5,0,1,1,73,4,1,NA,100,5,1
2,1,3,3,3,3,0,85,60,0,70,50,4,5,1,2,1,45,1,3,17,50,5,9
2,1,3,3,2,3,0,40,50,50,40,40,4,5,3,1,1,39,1,4,17,30,1,2
2,1,2,3,2,3,19,15,0,70,15,85,6,3,6,3,1,48,1,4,NA,60,5,1
2,1,2,2,2,3,0,100,70,30,60,60,4,1,2,4,1,74,2,7,12,85,5,1
2,1,3,3,3,3,0,60,60,50,70,85,4,5,5,1,1,24,1,4,17,85,5,1
2,1,2,2,2,3,0,0,0,60,85,70,4,3,6,3,2,50,1,4,24,NA,NA,9
1,1,1,3,1,3,0,0,0,70,0,85,5,3,6,2,2,69,1,3,NA,85,5,1
2,1,4,3,3,3,0,85,70,15,85,60,2,3,1,4,2,21,1,5,16,NA,NA,1
1,1,1,2,1,3,0,85,60,15,30,30,NA,1,3,5,2,49,1,4,14,85,1,7
2,2,3,3,3,3,165,100,85,40,100,70,4,5,0,3,1,32,5,3,10,95,5,1
1,2,2,3,3,3,165,85,60,NA,70,40,4,1,0,1,1,48,3,2,6,85,5,9
1,1,5,4,3,3,2,100,100,30,100,30,NA,1,0,1,1,79,1,1,7,75,5,7
2,1,2,2,2,3,2,40,70,40,70,60,4,3,2,2,1,36,3,6,16,NA,NA,7
2,1,4,3,2,3,2,50,50,NA,50,40,NA,3,1,1,1,38,3,3,12,50,5,7
2,1,2,2,1,3,10,70,70,0,70,60,NA,3,2,1,1,60,3,5,19,60,5,1
1,1,4,3,4,3,10,15,50,NA,15,70,6,3,6,2,2,32,3,3,18,NA,NA,9
2,1,2,1,2,3,10,60,60,0,50,30,2,3,1,4,2,28,1,7,22,85,5,1
1,1,4,3,3,3,10,60,40,85,50,85,NA,3,5,2,1,42,1,3,21,60,5,7
1,2,3,2,4,3,266,90,50,50,100,50,5,1,0,2,1,67,2,3,4,50,5,1
2,2,4,3,3,3,266,100,75,NA,100,50,1,5,0,4,1,83,2,1,3,50,5,1
1,NA,NA,NA,NA,3,266,35,30,NA,38,70,NA,5,6,3,1,26,5,3,22,NA,NA,7
2,2,3,2,1,3,266,85,70,50,85,70,NA,3,1,4,1,34,6,5,18,50,5,1
2,2,4,3,3,3,266,85,100,85,100,70,NA,5,2,1,1,35,5,4,11,85,5,1
2,2,2,2,3,3,266,100,100,100,100,85,1,1,2,5,1,58,5,5,13,100,5,1
2,2,4,3,3,3,266,85,70,NA,100,70,NA,3,1,2,1,73,2,2,4,100,5,9
2,2,3,3,3,3,266,85,85,50,85,50,NA,1,0,5,1,38,3,3,NA,100,5,7
1,2,3,3,3,3,266,70,65,50,90,0,NA,3,0,5,1,80,2,3,16,70,5,9
1,2,2,2,3,3,266,85,70,60,85,40,NA,1,0,4,1,57,1,3,NA,70,5,1
2,2,3,3,4,3,266,100,70,0,70,40,NA,3,2,2,1,33,1,4,NA,NA,5,7
2,2,3,2,2,3,266,100,85,NA,100,10,NA,3,1,1,1,71,2,4,NA,85,5,1
1,1,3,3,3,3,9,15,0,30,15,60,4,1,4,2,2,35,1,5,NA,50,5,1
2,1,3,2,2,3,104,0,0,60,70,85,NA,3,4,5,1,87,2,2,9,0,5,1
1,2,2,2,2,3,104,60,50,50,100,0,1,5,2,1,1,31,1,4,17,100,1,9
2,2,3,3,3,3,104,60,0,NA,60,15,7,3,1,5,1,30,1,5,10,85,5,1
1,1,1,1,1,3,84,85,70,30,60,15,2,1,2,4,1,33,1,7,20,70,5,1
2,1,4,3,3,3,84,70,70,50,85,40,4,3,2,5,1,67,2,3,10,70,5,9
1,1,1,2,2,3,22,85,70,0,70,15,3,3,0,4,1,36,1,6,20,85,5,1
2,1,4,3,3,3,0,60,50,40,50,50,4,5,4,5,1,18,5,3,9,50,5,7
1,1,4,3,3,3,0,50,0,0,25,25,NA,5,3,1,1,30,5,3,6,70,5,9
2,1,4,3,2,4,32,60,50,NA,60,60,NA,3,4,3,2,53,1,3,11,60,5,9
1,1,2,1,1,4,32,75,60,25,65,50,2,3,2,2,1,29,1,6,21,70,5,1
2,1,4,3,2,4,32,40,50,NA,30,80,NA,5,3,1,1,23,1,3,14,NA,5,7
2,1,3,4,3,4,32,85,70,40,100,85,3,5,1,1,1,65,1,1,5,100,5,7
2,1,4,3,3,4,32,15,50,NA,30,30,NA,5,4,1,1,27,4,2,9,85,1,7
1,1,1,1,1,4,160,70,70,60,60,40,2,1,1,2,2,44,5,7,20,70,5,9
1,1,2,1,1,4,160,60,50,70,60,70,6,3,5,2,2,65,1,4,NA,50,5,1
1,1,2,2,1,4,87,0,0,30,0,85,4,3,5,1,1,72,1,3,18,80,5,7
2,1,1,2,1,4,12,100,85,0,100,0,3,1,0,2,1,71,2,3,17,70,5,2
2,1,3,2,2,4,12,50,10,10,10,80,7,3,6,2,1,25,5,6,8,50,5,7
2,1,3,3,2,4,354,70,70,30,70,40,3,3,1,5,2,19,5,3,4,85,1,7
2,2,3,2,2,4,354,50,40,30,60,50,NA,3,2,4,1,21,5,4,15,85,1,7
1,1,2,2,2,4,354,60,50,30,60,70,5,3,4,2,1,22,1,3,15,NA,NA,2
1,1,3,3,1,4,354,60,40,60,60,40,2,5,2,5,1,36,1,4,14,NA,5,9
2,4,5,3,2,4,354,70,60,NA,50,50,4,1,5,3,2,30,5,6,5,NA,NA,9
2,2,4,3,1,4,354,100,85,0,100,0,5,1,0,2,1,45,3,4,13,NA,NA,2
2,1,3,3,1,4,16,100,85,30,85,50,4,1,0,2,1,27,4,3,3,85,5,9
2,2,3,3,2,4,16,100,85,NA,100,15,NA,1,0,1,1,42,1,3,NA,100,5,2
2,1,3,3,3,4,16,100,85,50,85,30,NA,3,1,1,1,47,3,4,11,85,5,9
1,1,2,2,3,4,16,70,50,45,70,70,7,1,2,1,2,51,3,4,18,85,5,7
1,1,4,3,4,4,45,50,30,30,50,50,NA,3,4,2,2,42,1,3,20,NA,NA,9
2,1,3,3,3,4,45,60,60,15,50,50,4,3,2,4,2,37,1,3,16,50,5,9
1,1,3,3,3,4,45,60,70,50,30,100,4,1,6,3,1,43,1,3,20,85,5,9
2,1,4,3,3,4,113,85,70,NA,50,60,6,3,1,5,1,33,5,3,21,100,5,1
2,1,2,2,2,4,113,60,85,15,60,15,2,3,2,2,2,26,5,6,NA,70,5,9
1,1,3,3,2,4,113,30,30,60,60,30,5,3,2,2,2,42,3,3,8,NA,NA,1
1,1,2,2,1,4,113,40,45,10,30,10,2,3,2,1,2,20,5,4,1,65,1,9
2,1,3,3,2,4,113,70,60,15,60,30,3,3,1,2,2,21,5,4,1,100,1,9
2,1,4,3,4,4,113,60,70,50,30,60,3,1,5,4,1,19,5,4,1,NA,NA,9
2,1,3,2,3,4,113,70,85,0,70,15,2,3,1,4,2,22,1,6,3,100,1,9
2,1,2,2,2,1,5,100,70,15,85,40,3,5,1,5,1,24,5,6,1,40,5,2
1,1,2,2,2,1,5,30,30,60,40,60,4,3,4,2,1,45,4,6,16,60,5,2
1,1,4,3,3,1,5,70,70,NA,50,60,NA,3,2,4,2,38,5,3,15,85,5,7
2,1,3,2,3,1,3,70,70,0,85,50,NA,3,1,2,1,48,1,5,19,70,5,2
1,1,4,3,3,1,3,70,40,NA,60,70,NA,5,2,1,1,50,1,3,18,85,5,2
1,1,3,3,2,1,3,70,50,15,70,40,4,5,1,2,1,43,1,6,15,60,5,1
1,1,4,3,4,1,3,60,0,NA,70,60,5,1,3,1,1,56,1,3,15,100,5,2
1,1,3,2,3,1,6,60,50,50,50,50,4,3,2,4,2,24,5,5,11,NA,NA,7
2,1,3,2,2,1,6,85,85,15,70,40,4,1,0,4,1,56,3,3,16,60,5,7
2,1,3,3,3,1,0,60,50,40,50,50,4,1,2,1,1,29,1,3,21,50,5,2
1,1,4,3,3,1,0,60,50,40,70,60,NA,5,2,4,1,31,1,4,16,NA,NA,2
2,1,4,3,3,1,0,40,NA,NA,NA,NA,NA,5,2,1,1,23,5,3,13,NA,5,9
2,1,3,3,2,2,0,85,60,50,50,50,4,5,1,1,2,36,1,3,13,50,5,9
2,1,3,3,2,2,0,75,60,25,60,75,NA,1,5,2,1,77,2,3,2,60,5,1
2,1,4,3,4,2,0,50,50,0,50,50,NA,3,3,2,1,63,2,3,3,NA,NA,1
1,1,3,3,2,2,0,60,40,40,85,60,NA,3,3,2,2,32,1,1,11,70,5,9
2,1,4,3,4,2,0,85,85,50,100,50,NA,1,1,4,1,67,2,2,16,100,5,9
1,1,3,3,5,2,0,100,85,40,85,60,NA,1,1,2,1,80,1,3,11,85,5,1
2,1,2,2,3,2,0,70,70,15,70,40,NA,3,1,1,1,34,1,4,15,50,5,9
1,1,2,2,2,2,0,85,100,15,85,60,4,1,0,2,1,54,1,3,16,60,5,9
1,1,2,3,3,2,0,15,0,100,0,70,5,3,6,1,2,50,1,2,21,50,5,9
1,1,2,2,3,2,0,0,0,60,0,85,4,5,5,3,2,67,1,2,14,50,5,9
1,1,4,3,4,2,0,50,30,NA,40,40,NA,1,1,2,1,39,1,3,15,100,5,1
1,1,2,2,3,2,0,30,0,60,50,50,6,5,6,4,1,31,1,5,21,50,5,1
1,1,1,2,3,2,0,0,0,60,0,60,4,5,3,4,2,42,1,3,20,50,5,9
1,1,3,3,2,2,2,60,0,0,85,100,6,3,5,5,1,42,3,3,14,0,5,9
1,1,2,3,3,2,2,70,70,50,100,15,4,1,0,3,1,56,6,3,12,50,5,9
2,1,3,3,2,2,2,85,85,15,100,30,4,1,0,4,1,72,2,2,4,85,5,1
1,1,2,3,2,2,2,0,0,30,50,50,NA,5,3,1,1,26,1,3,9,NA,NA,9
2,1,2,2,3,2,0,70,85,0,85,60,4,1,1,2,2,66,1,3,NA,70,5,9
1,NA,NA,NA,NA,2,0,50,50,50,50,50,NA,3,NA,3,1,24,1,3,15,50,5,7
2,1,2,2,2,2,0,60,70,40,60,60,4,3,5,2,2,20,5,3,12,60,5,9
2,NA,NA,NA,NA,2,0,80,50,25,45,45,4,3,2,4,2,55,1,7,18,50,5,9
1,1,4,3,4,2,0,50,0,0,0,0,NA,1,NA,1,1,46,1,3,19,NA,NA,1
2,1,3,3,2,2,0,50,50,30,60,70,6,3,4,2,1,34,5,4,5,60,5,2
2,1,2,2,2,2,0,30,70,60,40,70,NA,3,6,4,1,59,1,6,3,70,5,1
2,1,3,2,3,2,0,80,70,50,80,70,NA,1,2,2,2,87,2,6,17,70,5,9
2,1,2,2,2,2,0,100,100,0,85,0,2,1,0,4,1,38,1,3,20,85,1,2
1,1,2,2,2,2,0,0,0,40,15,50,5,3,5,1,1,76,1,2,12,70,5,9
1,1,4,3,3,2,0,60,50,0,0,0,NA,1,1,1,1,65,2,2,13,100,5,9
2,1,4,3,3,2,0,100,NA,50,85,15,NA,1,0,2,1,76,2,3,11,70,5,2
2,1,2,2,2,2,0,0,0,85,30,70,6,3,6,5,1,43,1,5,16,NA,NA,1
2,1,3,3,2,2,4,60,40,40,50,50,4,1,2,2,1,30,1,4,12,85,5,7
2,1,4,3,4,3,31,50,0,NA,40,60,NA,5,5,1,1,60,4,2,4,70,5,7
2,1,3,3,2,3,31,60,30,50,40,40,NA,5,1,2,1,64,3,3,1,15,1,1
2,1,4,3,2,3,31,70,60,NA,100,70,4,5,1,3,2,53,5,3,6,NA,NA,9
1,1,2,3,2,3,31,85,70,30,100,50,5,3,2,2,1,75,5,3,8,100,5,1
2,1,5,4,3,3,31,30,30,NA,70,70,NA,1,3,2,1,23,1,2,17,70,5,9
2,1,3,3,2,3,31,15,15,70,60,70,6,5,4,1,1,66,3,4,14,50,5,1
2,1,3,2,3,3,31,70,85,50,70,40,3,1,2,4,1,20,5,4,2,100,1,9
1,1,3,3,3,3,31,85,60,30,85,60,5,3,0,5,1,25,5,4,10,50,5,9
2,1,2,3,1,3,31,0,0,100,30,100,7,3,6,5,1,19,5,4,3,85,5,1
2,1,3,2,3,3,31,60,50,60,60,50,5,1,4,2,2,21,5,4,1,60,1,1
2,1,3,2,3,1,31,70,60,15,85,40,2,3,1,4,1,20,5,4,2,85,5,2
1,1,3,3,3,3,31,15,0,0,0,0,NA,5,4,2,1,19,5,4,1,70,5,1
2,1,3,2,2,3,31,30,60,60,40,60,3,1,6,5,1,20,5,4,6,85,1,2
2,2,2,3,3,3,31,70,60,40,70,40,4,3,0,2,1,20,5,4,19,60,5,7
1,1,2,2,2,3,31,70,50,70,60,70,4,3,5,4,2,20,5,4,21,50,5,9
1,1,2,2,2,3,31,15,15,85,15,85,5,3,5,2,1,20,5,4,24,70,5,7
2,1,3,2,3,3,31,70,60,40,70,60,4,3,2,2,1,20,5,4,2,60,5,2
2,1,3,2,3,3,31,70,40,30,60,60,NA,1,2,5,2,20,5,4,1,70,5,1
2,1,3,2,3,3,31,85,70,40,70,40,3,3,1,4,1,18,5,4,1,70,1,2
2,1,1,2,2,3,31,40,30,40,40,70,5,1,5,4,1,21,5,4,22,85,5,1
1,1,3,3,2,3,31,30,15,60,50,70,NA,3,5,2,1,69,1,3,17,40,5,9
2,1,2,1,2,3,31,60,20,0,65,15,3,3,2,1,2,29,1,7,22,60,5,2
1,1,3,3,3,3,31,70,50,40,60,50,3,1,1,2,2,48,1,6,21,60,5,9
2,1,3,2,3,3,31,70,60,30,60,40,3,3,1,2,1,30,5,7,15,70,5,9
2,1,3,2,2,3,31,85,85,0,85,15,2,1,0,5,1,22,1,4,6,85,5,1
1,1,3,2,2,3,31,40,30,15,40,70,4,3,4,5,1,23,5,5,13,NA,NA,9
2,1,3,2,2,3,31,70,85,40,70,60,4,3,2,4,1,29,5,7,14,70,5,2
1,1,4,3,4,3,31,70,70,NA,40,70,NA,1,5,5,2,19,5,3,13,NA,NA,7
1,1,4,3,4,3,31,40,50,30,50,60,4,5,4,1,1,22,5,6,5,NA,5,9
1,1,3,3,2,3,31,50,50,NA,50,60,NA,3,2,1,1,42,1,3,20,50,5,1
2,1,3,2,3,3,31,85,85,50,70,60,2,3,1,2,1,24,5,6,1,70,5,1
2,1,3,3,3,3,31,30,15,60,0,85,6,3,6,2,1,25,1,4,14,0,5,1
1,1,2,2,1,3,0,0,0,100,0,100,4,5,6,4,1,51,3,5,24,85,1,9
2,1,4,3,4,3,0,60,50,40,60,40,6,3,2,2,1,24,1,3,17,NA,NA,7
2,1,4,3,3,3,0,30,0,0,60,50,NA,5,3,2,1,25,1,3,12,85,5,1
2,1,4,3,3,3,0,40,40,50,40,60,5,3,4,5,1,20,5,4,NA,60,5,1
2,1,4,3,2,3,0,40,50,40,60,50,4,1,2,2,1,40,1,3,10,60,5,9
1,1,5,5,5,3,0,70,0,100,0,100,7,1,NA,4,1,88,1,1,NA,15,NA,1
2,1,5,4,5,3,0,60,60,40,70,50,NA,5,1,2,1,42,3,3,14,85,5,1
1,1,3,4,2,3,0,85,70,50,70,60,NA,1,1,3,1,42,1,2,20,70,5,1
2,1,4,4,4,3,0,50,50,50,70,70,NA,3,3,2,1,42,1,2,19,NA,NA,7
1,1,3,3,3,3,0,0,0,0,0,0,4,5,3,3,1,32,1,2,15,50,5,9
1,2,4,4,4,3,22,70,40,40,85,80,4,1,3,2,1,45,5,5,18,50,5,9
2,2,3,3,3,3,22,70,85,0,100,30,NA,1,1,1,1,73,2,3,2,NA,NA,1
2,2,4,3,3,3,22,60,75,NA,70,60,4,3,2,2,1,19,5,3,16,80,1,1
1,1,3,3,3,3,0,50,50,50,50,50,4,3,3,2,1,40,3,3,19,40,5,9
1,1,4,3,3,3,0,50,50,NA,50,60,NA,3,1,5,1,32,1,3,13,NA,NA,9
2,1,4,4,3,3,0,70,50,50,100,50,NA,NA,1,2,1,56,1,1,16,NA,5,2
2,1,3,3,3,3,0,85,85,50,70,60,NA,3,4,3,2,25,1,3,12,60,5,9
1,1,3,3,3,3,0,70,70,50,60,50,6,3,0,5,1,49,1,4,22,50,5,2
2,1,3,3,3,3,20,0,15,50,15,85,5,3,4,3,1,29,1,4,22,85,5,2
2,1,4,3,3,3,0,85,85,0,100,15,NA,1,0,2,1,67,2,3,2,85,5,2
2,2,4,4,3,3,0,100,100,NA,70,NA,NA,1,5,1,1,41,3,3,3,60,5,2
2,1,5,5,5,3,0,NA,100,NA,NA,NA,NA,NA,NA,4,NA,67,1,1,1,85,5,9
1,1,3,3,3,3,0,85,60,15,85,40,3,1,1,2,1,47,2,6,3,60,5,2
2,1,4,3,3,3,20,100,100,0,100,85,NA,1,0,1,1,34,1,3,17,NA,5,2
2,1,4,3,3,3,20,85,70,40,100,50,NA,3,1,5,1,56,5,NA,3,60,5,2
1,1,2,2,2,4,0,40,30,60,40,60,5,1,4,2,2,29,1,5,23,60,5,9
2,1,3,2,3,4,0,60,50,40,60,50,4,1,2,1,2,43,5,6,22,NA,NA,9
2,1,3,3,3,4,0,85,70,60,85,60,NA,1,2,3,1,58,1,2,11,70,5,2
1,3,3,3,3,4,0,40,40,60,30,70,5,3,5,5,1,48,1,4,16,NA,NA,1
2,1,3,3,1,4,0,0,85,0,15,85,6,5,6,2,1,44,3,4,2,30,5,9
2,1,3,3,3,4,0,85,70,0,70,15,1,1,2,2,2,67,3,7,17,NA,NA,9
1,1,3,3,2,4,0,70,40,0,50,50,NA,3,3,2,1,23,1,3,14,NA,NA,9
2,1,3,3,2,4,0,100,85,40,100,40,4,3,0,2,1,77,2,3,8,60,5,2
2,1,3,3,2,4,0,0,0,60,40,85,5,3,4,2,1,52,1,3,17,60,5,1
2,2,3,3,4,4,0,100,100,0,85,15,4,3,1,4,1,31,1,3,3,50,5,7
2,1,4,3,3,4,33,70,85,30,50,50,NA,3,2,1,2,38,1,5,21,70,5,1
1,1,4,3,3,4,33,40,30,30,60,50,NA,3,1,1,2,41,1,6,21,50,5,1
1,1,4,3,2,4,33,15,50,50,40,40,4,3,2,1,1,40,1,6,20,60,5,2
1,1,3,2,3,4,33,40,40,50,60,70,NA,1,5,3,1,38,1,6,24,60,5,2
1,1,3,3,2,4,33,100,75,0,90,25,NA,1,0,2,1,74,1,3,4,70,5,7
2,1,4,3,3,4,33,0,0,85,0,85,6,3,4,5,1,33,1,6,20,50,5,7
1,1,3,3,3,4,33,50,70,50,50,50,4,3,3,1,2,33,1,5,17,100,5,9
2,1,2,2,2,1,2,60,70,50,70,60,4,1,2,4,1,76,2,3,11,85,5,2
2,1,2,2,3,1,2,75,66,15,53,47,3,1,1,4,1,25,5,6,15,80,5,1
2,1,2,2,2,1,2,85,85,50,100,40,1,5,0,4,1,43,1,3,4,100,1,2
1,1,2,1,2,1,2,60,40,30,60,60,5,1,3,4,1,70,1,7,22,70,5,3
1,1,2,2,2,1,0,70,50,0,50,40,NA,3,1,2,2,35,3,6,16,60,1,9
2,1,3,3,2,1,0,70,70,40,85,70,4,3,2,2,1,72,2,1,13,100,1,9
2,1,2,2,1,1,0,100,80,60,85,60,4,1,0,4,1,84,2,6,7,70,5,9
2,1,2,2,2,1,0,70,50,40,55,60,4,3,3,1,1,46,4,5,12,85,5,9
1,1,1,3,1,1,0,85,50,10,100,50,3,1,0,5,2,57,1,3,3,50,5,9
2,1,2,2,2,1,1,50,40,40,50,50,5,3,3,2,2,63,2,4,12,50,5,9
2,1,4,3,3,3,1,50,40,50,50,50,5,1,5,2,1,71,1,6,19,70,5,1
1,1,1,1,1,1,1,70,60,0,60,30,NA,1,2,5,1,48,5,6,16,70,5,9
1,1,NA,NA,NA,1,0,30,30,70,30,85,6,3,6,2,1,69,1,3,16,60,5,9
2,1,2,2,2,1,0,85,85,15,60,40,2,1,1,5,1,47,1,7,22,70,5,1
2,1,2,2,1,1,7,85,70,15,70,30,2,1,0,4,1,70,1,6,15,70,1,9
1,1,3,2,3,1,7,60,70,40,45,40,3,3,1,2,2,56,3,7,20,NA,5,1
2,1,2,2,2,1,7,80,90,40,70,90,2,1,4,5,1,38,1,4,21,50,5,2
1,1,5,4,5,1,7,50,25,NA,NA,NA,NA,1,3,5,1,62,1,1,19,50,5,2
1,1,2,2,2,1,7,10,85,0,70,30,4,3,2,1,1,76,1,5,16,50,5,2
1,1,3,3,3,1,20,60,85,15,60,40,5,1,1,4,2,69,1,1,15,70,5,2
1,1,4,3,3,1,20,70,15,40,60,60,4,1,2,3,2,24,5,6,13,70,5,2
1,1,2,2,2,1,20,15,40,70,40,70,6,1,4,1,2,85,5,1,8,NA,NA,9
1,1,2,2,3,3,20,65,65,50,55,50,4,1,3,4,2,49,1,6,24,70,5,9
2,1,2,2,5,1,20,60,70,0,60,60,4,5,3,1,1,75,1,4,NA,60,5,2
1,1,2,2,2,1,20,60,40,40,60,40,3,1,2,2,NA,45,5,5,20,50,5,9
1,1,3,2,3,1,11,60,50,50,50,70,NA,5,5,2,2,84,1,3,8,70,5,1
1,1,3,3,3,1,11,100,100,0,100,50,4,1,1,2,2,62,1,3,16,70,5,2
1,1,2,2,3,1,11,70,60,15,60,30,5,1,5,4,2,47,5,3,21,40,5,9
2,1,1,1,1,4,11,70,60,0,60,40,3,1,1,4,2,35,1,5,16,50,1,9
2,1,4,3,3,1,11,85,85,NA,70,40,NA,3,0,NA,1,61,2,1,2,NA,NA,9
2,1,3,2,3,1,0,0,0,40,15,85,5,5,4,4,1,59,1,4,22,45,5,2
1,1,4,3,4,1,0,50,30,50,50,50,NA,3,1,2,2,35,5,3,15,60,5,9
1,1,3,2,3,1,0,15,15,60,60,70,4,1,6,2,2,33,1,3,16,50,5,9
1,1,4,3,4,1,0,70,60,15,60,50,NA,1,1,4,2,33,1,3,22,60,5,2
2,1,5,4,4,1,0,50,40,40,50,50,3,3,5,3,2,33,5,2,3,70,5,1
2,1,2,2,2,1,4,85,60,70,60,40,4,3,1,2,1,58,2,2,16,30,5,7
1,1,4,NA,3,1,4,85,70,NA,NA,NA,6,3,1,4,2,55,1,1,16,85,5,9
2,1,4,3,4,1,4,60,50,50,60,15,5,3,1,2,2,31,3,4,15,85,1,9
2,1,3,2,3,1,4,85,60,15,100,30,NA,1,0,2,1,63,2,2,4,100,5,7
1,1,4,4,2,1,1,100,100,NA,100,50,4,1,0,2,1,53,1,1,16,60,5,2
2,1,3,2,3,1,1,85,85,30,100,60,3,1,0,2,1,49,3,7,21,85,1,2
2,1,2,2,2,1,1,0,0,60,30,85,5,3,6,4,1,40,1,6,24,60,1,1
2,1,4,2,4,1,1,85,85,40,70,60,4,3,1,2,1,36,1,5,20,85,5,2
1,1,3,3,3,1,1,85,70,30,70,50,3,3,0,4,1,41,1,3,17,85,5,2
1,1,2,2,1,1,1,60,40,60,40,60,5,3,5,4,1,73,1,5,15,NA,5,1
1,1,4,3,4,2,0,85,70,30,50,50,NA,3,3,2,1,42,1,4,10,50,5,1
2,1,4,2,3,2,0,60,40,30,60,70,5,3,5,2,1,64,1,2,15,40,5,1
2,1,3,3,3,2,0,85,85,NA,85,70,5,3,1,1,1,24,5,4,12,85,5,2
2,1,4,2,3,2,0,40,40,NA,40,60,7,3,5,2,1,31,1,3,19,60,5,1
1,1,4,3,3,2,0,30,30,15,30,30,NA,5,3,2,2,44,5,3,15,30,5,9
2,1,3,2,1,2,0,0,0,0,50,50,4,3,3,2,2,28,1,3,19,70,5,9
2,1,2,3,1,2,0,30,15,40,30,15,3,1,3,4,1,36,1,6,20,30,5,9
2,1,5,3,2,2,1,NA,NA,NA,60,50,NA,1,0,2,1,72,2,1,NA,NA,1,1
2,1,3,3,2,2,1,85,85,15,85,15,2,1,2,5,1,47,5,7,18,70,1,1
1,1,1,1,2,2,1,75,30,40,75,70,6,1,2,1,1,33,1,6,17,15,5,1
2,1,3,3,3,2,1,15,15,60,0,0,3,5,5,1,2,46,3,4,15,30,5,1
1,1,3,2,2,2,0,70,15,40,60,60,5,1,4,2,1,30,1,4,21,60,5,1
2,1,3,3,3,2,0,50,40,0,50,10,1,5,0,1,1,27,1,3,12,50,5,1
2,1,3,2,2,2,0,30,0,70,30,85,6,5,6,2,1,40,3,6,16,30,5,1
1,1,2,1,1,2,0,40,30,40,40,60,5,1,5,4,1,39,1,7,22,60,5,1
1,3,3,2,1,2,0,15,15,60,40,70,7,5,4,2,1,42,1,3,21,15,5,1
1,1,3,2,2,2,0,15,0,70,0,85,7,3,6,4,1,45,1,4,22,40,5,1
1,1,1,2,1,2,0,0,0,100,0,70,6,1,4,5,1,37,1,3,NA,40,5,1
1,1,4,4,4,2,0,100,85,60,85,60,NA,1,0,2,2,69,1,2,6,85,5,9
2,1,4,3,4,2,0,70,70,0,50,50,4,3,3,2,2,40,3,3,8,85,5,7
2,1,3,3,2,2,0,50,0,30,NA,NA,4,3,2,4,1,58,1,1,21,50,5,9
2,1,3,2,3,2,0,85,70,0,60,60,NA,1,3,3,1,54,3,6,15,70,5,1
2,1,5,3,3,2,0,15,50,NA,NA,NA,4,1,3,1,1,49,1,4,16,70,5,1
2,1,3,3,2,2,0,30,15,60,40,60,6,3,5,3,1,26,1,5,18,30,5,2
1,1,3,3,3,2,0,80,70,NA,50,50,4,5,3,1,1,26,1,3,14,NA,5,9
1,1,1,1,1,2,0,0,0,85,40,60,6,3,5,5,1,45,1,4,19,10,5,1
2,1,5,4,4,2,1,40,50,50,40,60,NA,3,5,4,2,38,3,3,2,85,5,1
2,1,4,3,2,2,1,30,30,NA,60,70,NA,1,4,4,1,28,1,4,14,85,5,1
2,1,3,3,1,2,9,40,60,60,50,50,NA,5,5,2,1,67,2,3,6,70,5,9
1,1,4,3,3,2,9,50,60,40,60,40,3,3,5,2,2,25,4,3,10,NA,NA,9
1,1,1,1,2,2,9,15,10,70,20,60,6,1,6,4,1,41,1,6,18,50,5,2
1,1,3,3,2,2,9,70,50,50,60,40,4,3,1,4,1,21,5,5,21,60,5,2
2,1,3,2,2,2,9,60,50,NA,50,60,NA,3,NA,1,1,42,5,2,7,NA,5,1
2,1,3,3,3,2,9,75,50,0,70,50,4,3,2,5,1,44,1,3,23,60,5,2
2,1,3,2,3,2,9,85,85,70,85,70,NA,1,0,1,1,64,1,3,16,75,5,2
2,1,3,3,4,2,9,50,50,50,50,50,NA,3,NA,NA,1,42,3,3,17,50,5,7
1,1,2,1,2,2,9,0,0,50,30,70,5,3,4,2,1,33,3,3,16,75,5,1
2,1,3,3,2,2,9,40,30,NA,50,50,4,1,3,2,1,72,3,4,7,100,5,9
2,1,3,3,3,2,9,40,60,40,40,70,4,5,5,1,1,39,1,3,21,70,5,9
1,1,2,2,3,2,9,50,0,0,50,50,6,5,1,1,1,40,1,3,18,0,5,9
2,1,2,2,3,2,9,90,90,50,85,45,2,1,0,2,1,33,1,5,20,75,5,2
2,1,2,2,2,2,9,60,50,40,50,70,4,1,5,2,1,58,3,7,19,50,5,2
2,1,2,2,3,2,9,40,40,NA,50,50,1,5,3,1,1,44,1,3,18,60,5,1
2,1,2,2,3,2,9,70,70,0,70,0,3,1,1,5,1,53,3,2,17,85,5,1
1,1,3,3,3,2,0,30,30,60,50,50,6,3,3,2,1,82,1,1,13,NA,5,2
1,1,2,2,2,2,0,60,40,50,55,60,4,3,4,4,1,56,1,7,20,40,5,1
1,1,2,2,2,2,0,NA,50,0,75,40,4,3,0,4,1,70,1,3,16,60,5,2
2,1,3,3,3,2,1,60,60,85,40,85,4,3,6,4,1,58,1,3,20,60,5,1
2,1,4,3,3,2,1,0,0,NA,NA,NA,NA,5,3,5,1,44,1,3,NA,NA,5,1
2,1,3,3,3,2,1,70,60,30,70,40,4,5,1,1,1,62,2,1,NA,NA,5,1
1,1,5,3,3,2,1,50,50,50,50,50,4,1,2,2,1,34,1,3,17,50,5,1
2,1,3,2,3,2,1,40,40,70,15,100,4,5,6,4,1,39,1,4,20,70,5,1
1,1,3,2,3,2,0,5,5,NA,20,75,4,5,6,1,2,22,6,3,15,NA,5,9
1,1,2,2,2,2,0,60,40,40,60,60,4,1,1,2,1,37,1,3,18,85,5,2
2,1,2,2,3,2,0,0,70,60,30,70,4,3,2,2,1,75,1,4,15,70,5,2
2,1,2,3,2,2,0,60,50,50,60,60,4,3,2,4,1,80,1,1,7,60,5,9
1,1,3,2,1,2,0,85,70,50,85,60,4,3,1,2,1,62,1,2,21,85,5,1
1,1,2,1,2,2,0,10,10,60,30,60,6,3,6,4,1,56,1,3,24,40,5,2
2,1,3,3,2,2,0,85,85,0,70,70,4,5,4,2,1,68,2,3,7,30,5,1
2,1,2,2,1,2,0,0,15,70,30,85,6,3,6,2,1,57,1,7,23,15,NA,1
2,1,5,4,2,2,0,100,100,40,90,60,NA,3,5,2,1,34,1,2,17,60,5,9
2,1,4,4,3,2,0,0,100,NA,50,40,NA,5,3,1,1,30,1,2,1,70,5,1
2,1,4,3,2,2,0,70,60,NA,85,0,4,3,1,1,1,32,1,3,18,70,5,9
2,1,4,3,3,2,0,0,0,50,85,85,NA,5,4,1,2,59,2,3,12,60,5,1
1,1,3,3,3,2,0,70,60,15,100,100,NA,3,3,1,2,72,1,1,NA,50,5,1
1,1,4,3,4,2,0,60,60,NA,50,50,NA,3,1,1,2,78,1,3,NA,50,5,9
1,1,5,2,4,2,5,70,60,40,60,40,5,1,1,3,1,61,1,3,18,60,5,1
1,1,1,1,1,2,5,0,10,85,55,75,6,3,5,4,1,47,1,7,22,60,5,1
2,1,4,3,3,2,5,60,40,15,100,0,NA,5,1,2,1,48,3,3,14,50,5,1
2,1,2,2,1,2,5,70,60,15,60,50,4,5,2,5,1,73,3,6,12,50,5,1
2,1,2,2,3,3,5,85,70,60,70,50,4,3,1,2,2,70,2,3,8,85,5,9
2,1,3,3,3,2,5,30,50,15,50,50,5,5,3,4,1,55,2,3,11,40,1,2
1,1,4,2,4,2,5,70,30,40,70,50,6,3,1,4,1,38,1,4,20,40,5,1
2,1,3,3,3,2,0,30,15,50,40,70,6,3,5,3,1,35,1,5,16,NA,NA,1
2,1,3,3,3,2,0,70,60,50,60,40,NA,1,1,4,1,49,1,3,14,70,5,1
1,1,3,3,3,2,0,35,25,25,15,50,6,5,5,1,1,28,1,3,12,10,5,1
1,1,3,3,3,2,0,60,50,50,70,70,NA,1,3,2,1,47,1,3,18,60,5,1
2,1,3,3,1,2,0,70,40,15,60,50,4,1,2,2,1,27,1,5,17,50,5,2
1,1,1,1,2,2,0,30,15,85,15,100,7,5,6,4,1,39,1,3,16,70,5,2
1,1,3,3,3,2,1,70,70,60,70,60,NA,3,1,2,1,45,1,3,18,70,5,2
2,1,3,3,4,2,1,100,85,40,85,30,NA,5,2,1,1,77,2,1,8,NA,NA,1
1,1,3,3,3,2,0,15,15,85,30,100,6,3,6,2,2,77,1,3,17,30,5,2
1,1,3,3,3,2,0,30,30,NA,60,NA,5,1,5,2,1,25,1,5,15,NA,5,1
2,1,3,3,3,2,0,85,85,60,50,60,4,3,0,1,1,45,1,3,22,NA,NA,1
1,1,3,3,2,2,0,60,60,50,70,70,6,1,1,1,1,75,2,3,18,70,5,2
2,1,3,3,3,2,0,30,15,30,40,70,6,3,6,4,1,58,1,6,16,40,5,1
2,1,3,2,3,2,0,15,15,40,40,85,6,1,6,5,1,50,1,3,14,30,5,1
2,1,2,3,2,2,1,15,60,60,30,70,6,5,5,2,1,30,5,5,13,70,1,1
2,1,2,2,2,2,1,70,60,15,70,30,2,3,0,2,2,27,1,6,18,60,5,9
1,1,1,1,1,2,22,85,75,8,75,40,5,3,2,3,1,58,1,7,21,60,5,1
2,1,2,2,2,2,22,15,15,85,30,100,6,5,6,2,1,71,2,3,NA,60,5,1
1,1,3,3,3,2,22,50,40,60,40,60,5,3,5,2,2,62,1,5,12,60,5,9
2,1,4,3,3,2,22,100,100,60,100,0,2,1,0,2,1,30,1,3,15,NA,NA,1
2,1,4,3,4,2,22,70,60,NA,70,15,1,1,1,2,2,20,5,3,1,70,5,9
2,1,2,2,1,2,22,100,50,0,85,15,2,1,0,5,1,29,5,6,11,100,1,2
1,1,3,2,1,2,22,40,0,40,40,60,5,3,3,5,1,55,1,3,NA,50,5,9
1,1,2,2,2,2,22,85,70,30,60,40,4,1,2,2,1,27,1,6,14,85,5,1
1,1,2,3,1,4,22,60,85,0,60,40,4,3,1,5,1,32,1,5,11,100,NA,1
1,1,5,3,5,2,22,70,50,NA,70,30,NA,1,0,2,2,29,1,3,16,60,5,9
2,1,2,2,2,2,22,100,100,0,100,0,NA,1,0,5,1,70,2,3,14,100,5,1
1,1,3,3,3,2,22,15,15,60,40,70,7,3,5,2,1,28,1,4,14,30,5,7
1,1,4,3,4,2,22,60,60,30,60,60,4,3,1,4,1,48,1,3,16,40,5,2
2,1,3,3,3,2,22,85,60,0,NA,NA,NA,5,3,2,1,65,3,3,8,60,5,1
2,1,3,3,2,2,22,100,100,0,100,30,NA,1,0,4,1,69,2,3,12,15,5,1
1,1,2,2,2,2,0,85,85,30,85,15,3,1,1,2,1,67,1,3,14,85,5,1
2,1,2,2,1,2,0,70,40,50,60,60,4,1,3,4,1,40,1,4,21,60,5,2
2,1,3,3,2,2,0,85,70,50,70,70,4,3,2,4,1,51,1,3,20,50,5,1
2,1,4,3,3,2,0,85,90,50,50,50,NA,1,3,4,1,29,1,4,15,50,5,2
2,1,1,2,1,2,1,70,100,0,70,0,1,3,1,1,1,55,1,4,19,85,1,2
1,1,3,3,3,2,1,85,70,40,85,40,NA,3,0,2,1,76,1,1,10,70,5,1
1,1,2,2,2,2,1,40,15,60,40,60,5,5,3,1,1,47,1,4,16,40,5,2
2,1,5,3,4,2,1,60,40,NA,70,30,4,3,2,3,1,46,3,3,8,60,5,9
2,1,3,3,2,2,1,50,40,50,50,50,4,3,1,2,1,35,1,4,18,60,5,1
2,1,5,3,4,2,1,0,30,NA,40,60,NA,5,5,2,1,71,2,1,6,40,5,1
1,1,4,3,3,3,0,70,40,NA,NA,NA,NA,1,3,1,1,34,1,2,23,NA,NA,1
2,2,2,2,2,3,16,85,85,50,100,0,NA,3,1,1,1,81,2,1,NA,85,1,1
2,2,4,4,3,3,16,100,100,0,0,85,NA,3,4,1,1,48,1,2,3,70,5,7
2,1,2,3,3,3,16,60,60,60,70,85,6,5,5,5,1,56,5,4,5,40,5,1
1,2,4,3,3,3,16,85,70,35,85,50,NA,3,1,2,1,40,1,3,13,60,5,1
2,1,5,2,4,3,0,40,60,50,40,60,3,5,5,3,2,26,5,6,16,85,5,1
1,1,3,2,2,3,0,50,50,60,40,60,6,3,5,4,1,23,3,4,22,60,5,1
2,1,2,2,2,3,0,0,0,80,0,80,6,1,4,2,1,88,2,4,5,6,5,9
1,1,1,1,2,3,0,80,75,40,60,40,4,1,2,5,1,23,5,6,22,50,5,1
2,1,3,2,3,3,0,70,85,85,50,50,4,3,2,1,1,83,1,6,14,85,5,1
1,1,1,1,2,3,0,15,15,40,15,70,5,3,4,2,1,46,1,6,24,50,5,2
2,1,2,2,3,3,0,1,1,100,1,100,7,5,6,4,1,24,1,6,21,0,5,1
1,1,1,1,1,3,0,40,40,70,30,70,6,1,5,4,1,55,1,6,22,60,5,1
2,1,2,3,2,3,0,60,30,15,40,60,4,3,4,4,1,36,5,6,14,50,5,1
1,1,2,2,2,3,0,70,50,70,60,50,5,1,2,4,2,25,5,4,8,70,5,9
2,1,2,2,2,3,0,15,30,30,30,60,6,1,6,4,1,35,1,7,22,40,5,1
1,1,2,2,2,3,0,50,40,60,40,60,5,1,5,2,1,47,1,6,7,50,5,1
2,1,1,1,1,3,16,85,85,0,85,15,2,1,0,4,1,67,3,4,17,85,1,1
2,1,3,2,3,3,16,60,70,50,NA,NA,NA,3,1,4,1,57,1,4,20,NA,5,1
1,1,1,1,2,3,16,40,15,60,NA,60,6,1,4,2,1,65,2,4,20,70,5,1
1,1,3,3,3,3,0,70,60,60,70,60,NA,3,1,2,1,50,3,2,3,70,5,1
2,1,3,3,3,3,0,60,70,50,50,50,NA,3,1,1,1,54,1,2,17,70,5,1
2,1,4,4,2,3,0,50,50,NA,40,40,4,3,3,1,2,35,3,2,1,100,5,9
1,1,3,3,3,3,0,40,30,60,15,70,NA,1,4,1,2,30,1,4,18,NA,NA,9
2,2,4,3,3,3,0,85,60,NA,60,NA,NA,3,4,4,1,50,1,2,13,40,5,1
2,1,2,2,3,3,0,40,70,40,40,60,6,5,4,4,1,47,1,7,20,50,5,1
1,1,4,3,5,3,0,50,50,50,50,50,4,3,NA,3,2,35,1,2,14,50,5,9
1,1,5,3,4,3,0,70,NA,NA,NA,NA,NA,3,1,5,1,84,5,1,4,NA,NA,9
1,1,5,3,4,3,0,50,NA,NA,50,50,NA,3,6,2,1,74,1,1,7,50,1,1
1,1,3,3,2,3,0,15,15,85,15,85,6,5,6,5,1,52,1,3,16,70,5,1
2,1,3,3,2,3,0,0,0,0,30,85,5,5,4,1,1,37,3,3,18,70,5,1
2,1,3,3,4,3,0,10,NA,NA,NA,NA,5,3,1,3,1,58,1,1,15,100,5,9
2,1,3,2,3,3,0,60,30,40,50,50,NA,5,3,3,1,56,1,3,23,NA,NA,1
1,1,4,3,3,3,0,50,40,NA,50,50,NA,3,NA,3,2,34,1,3,13,100,5,1
1,1,4,3,4,3,2,30,0,85,0,100,7,5,6,5,1,20,5,4,NA,NA,NA,2
2,2,3,3,3,3,2,100,100,15,100,85,7,1,0,1,1,62,1,2,11,100,5,1
1,1,1,1,1,3,2,100,100,85,85,85,4,1,3,2,1,55,1,3,23,85,1,2
2,NA,NA,NA,NA,3,2,80,80,NA,70,100,2,1,4,5,1,71,2,1,4,100,5,2
2,1,5,4,5,3,2,100,NA,NA,NA,NA,NA,NA,3,1,1,88,2,1,3,15,5,9
2,2,4,3,3,3,2,70,70,NA,70,50,NA,3,0,2,1,34,3,2,1,85,5,1
1,2,3,3,3,3,2,70,60,60,70,70,5,3,2,2,1,31,5,2,6,70,5,1
2,2,NA,NA,NA,3,3,NA,NA,NA,NA,NA,NA,3,1,1,1,NA,2,2,NA,100,5,1
2,2,2,2,3,3,3,85,85,40,85,60,3,3,0,4,1,37,4,4,10,NA,NA,1
2,2,4,4,3,3,3,75,30,NA,50,50,NA,3,0,4,1,73,2,2,2,60,5,1
2,2,4,4,2,3,3,60,30,NA,30,70,4,5,1,1,1,22,5,3,5,100,5,1
1,1,4,4,3,3,0,100,100,60,100,85,6,1,0,2,1,62,1,3,1,70,5,1
2,1,2,2,1,3,0,40,30,15,50,60,NA,3,5,4,1,53,2,3,9,NA,NA,2
1,2,4,4,3,3,0,60,NA,NA,100,50,NA,5,3,1,1,80,1,1,3,45,5,1
2,1,3,3,3,3,0,60,50,0,70,60,5,3,1,1,2,58,3,4,NA,60,5,1
2,2,4,4,4,3,0,100,100,NA,100,70,NA,3,0,2,1,61,1,2,3,60,5,1
2,2,NA,NA,NA,3,0,100,100,25,100,25,NA,1,0,4,1,49,5,3,NA,NA,NA,1
2,1,3,2,3,3,22,70,60,50,60,60,NA,3,1,4,1,30,1,3,16,85,5,2
2,1,3,2,3,3,22,70,85,30,60,40,5,1,2,4,1,79,1,3,11,NA,NA,1
2,1,3,3,2,3,22,60,40,60,40,60,5,3,4,4,1,33,5,2,7,85,5,2
2,1,3,2,2,3,22,85,70,15,85,15,4,1,0,1,1,87,2,2,10,60,5,1
2,1,1,2,2,3,22,0,0,85,0,100,6,5,6,3,1,87,2,5,11,40,5,1
2,1,1,2,2,3,22,0,0,60,15,85,6,1,6,5,1,68,3,6,16,30,5,1
2,1,NA,NA,NA,3,22,50,60,50,60,85,5,5,5,2,1,61,2,4,15,60,5,1
2,1,1,1,1,3,22,0,0,100,0,100,7,5,6,1,1,71,1,4,17,30,5,1
1,1,2,2,3,3,0,50,30,70,30,100,7,5,5,5,1,38,1,2,12,50,5,1
2,1,4,2,4,3,0,60,60,15,60,50,4,3,1,1,2,45,1,3,20,50,5,9
1,1,2,2,1,3,0,30,15,40,60,70,6,5,1,5,1,47,1,3,17,NA,5,1
1,1,3,1,3,3,0,0,0,40,15,85,7,5,5,2,1,22,5,3,23,NA,NA,1
2,1,5,3,5,3,0,100,85,15,100,0,NA,NA,0,1,1,73,1,2,NA,85,5,1
2,1,2,2,1,3,3,100,100,30,85,60,5,5,0,4,1,79,2,6,12,85,5,1
2,1,2,1,2,3,3,100,100,50,85,70,NA,3,1,4,1,42,1,6,19,70,5,1
2,1,1,2,1,3,0,70,85,15,85,50,5,3,2,4,1,34,3,4,6,85,1,7
2,2,4,3,2,3,0,100,100,85,100,100,NA,3,0,5,1,33,2,3,5,100,5,7
1,2,5,4,5,3,0,100,100,NA,100,100,NA,1,0,3,1,50,2,2,1,70,1,9
1,2,4,3,2,3,0,100,85,NA,85,95,NA,3,3,4,1,25,5,3,NA,70,5,1
2,2,4,3,3,3,0,100,100,NA,85,50,NA,3,2,2,1,34,4,3,11,100,5,1
2,1,4,3,4,3,0,30,15,15,40,30,5,5,1,1,1,43,1,3,22,50,5,1
2,1,4,2,3,3,0,85,60,0,85,60,NA,3,1,3,1,72,2,2,NA,40,5,1
1,2,5,3,5,3,0,100,85,NA,85,85,NA,3,3,2,1,24,4,3,13,NA,NA,1
2,1,4,3,4,3,3,85,85,NA,70,40,4,1,0,3,1,32,1,3,19,70,5,7
2,1,4,3,3,3,3,60,60,40,60,50,3,3,2,1,1,45,3,3,12,60,5,9
1,1,1,2,2,3,3,30,0,85,0,100,6,3,6,2,1,81,1,7,21,0,5,1
2,1,3,3,4,3,3,85,85,50,85,60,6,3,0,2,1,63,1,3,14,85,5,1
1,1,1,1,1,3,6,3,5,4,5,5,5,3,2,2,1,76,1,3,4,5,5,1
2,1,4,3,3,3,6,85,70,0,85,30,2,1,0,2,1,53,1,3,18,85,5,9
1,1,5,4,4,3,6,70,85,60,70,60,NA,1,0,5,1,61,3,3,4,100,5,9
2,1,3,3,2,3,0,0,0,70,0,85,4,5,5,1,1,31,1,3,19,15,5,1
2,1,5,3,4,3,0,15,15,NA,50,50,NA,5,4,5,1,22,1,2,15,NA,NA,1
1,1,2,2,3,3,0,15,20,80,20,90,5,5,6,1,1,31,1,5,NA,50,5,9
2,1,5,3,5,3,0,70,70,NA,70,40,4,1,2,4,1,28,5,4,17,85,5,1
2,1,5,3,5,3,0,50,30,50,50,50,NA,5,4,2,1,27,1,3,21,60,5,1
1,1,3,2,3,3,14,0,0,70,15,85,6,3,6,4,1,29,1,4,18,40,5,1
1,1,4,3,3,3,14,100,100,30,85,60,NA,1,0,1,1,72,1,2,8,60,5,9
2,1,5,4,5,3,14,NA,NA,NA,50,50,NA,3,1,1,1,34,3,2,2,NA,NA,9
1,1,4,3,3,3,14,60,50,NA,50,50,4,1,3,1,2,51,2,2,16,60,5,9
1,1,5,4,4,3,14,50,50,50,100,0,NA,5,1,1,1,81,5,3,NA,NA,NA,9
2,1,4,3,3,3,14,50,15,NA,75,50,NA,5,1,1,1,39,1,3,11,70,5,9
2,1,5,3,4,3,14,0,0,NA,50,50,NA,1,2,1,1,31,1,2,15,85,5,1
1,1,2,2,2,3,14,50,10,60,40,70,4,5,1,1,1,59,3,4,17,30,5,1
1,1,3,3,3,3,0,30,30,50,55,60,NA,3,4,2,1,39,1,4,22,40,5,9
2,1,3,3,3,3,0,75,65,25,75,40,NA,1,0,2,1,72,2,2,3,70,5,1
1,1,3,3,2,3,0,60,60,50,60,60,4,1,4,4,1,40,1,3,18,NA,NA,1
2,1,3,3,3,3,0,85,70,0,85,0,NA,3,0,2,1,74,2,2,6,40,5,1
2,1,3,3,2,3,0,100,100,NA,100,30,NA,1,0,2,1,41,1,3,12,0,5,1
2,1,3,3,2,3,0,70,60,30,50,50,3,1,2,5,1,35,1,4,21,70,5,1
2,1,3,3,3,3,0,15,0,50,50,85,NA,3,5,4,2,22,1,4,17,NA,NA,9
2,1,3,3,3,3,0,60,NA,60,60,50,6,5,1,3,1,59,2,3,4,50,5,1
2,1,3,3,2,3,0,0,0,NA,0,85,4,5,4,1,1,53,1,3,15,NA,NA,1
1,1,3,2,3,3,0,55,60,40,40,60,6,3,5,2,1,21,5,4,16,50,5,1
2,1,3,3,3,3,0,100,85,0,100,15,5,1,0,2,1,59,1,2,14,70,5,1
2,1,4,3,3,3,0,60,NA,NA,70,40,NA,1,1,1,1,37,3,1,11,70,5,9
2,1,3,3,3,3,16,70,40,70,70,60,NA,3,4,1,1,64,2,1,9,30,5,1
2,2,4,3,3,3,16,85,70,60,60,NA,NA,3,0,2,1,65,1,3,9,85,5,1
1,1,3,3,2,3,16,85,15,0,85,50,5,1,0,2,1,69,1,3,7,40,5,2
1,4,1,1,1,3,16,100,85,0,85,50,1,1,0,2,1,61,1,7,21,70,1,9
1,1,2,1,2,2,16,15,40,70,40,70,6,3,6,4,1,53,1,6,23,40,5,1
2,1,3,3,3,3,16,70,15,50,70,60,6,1,5,2,1,57,1,3,NA,50,5,1
2,1,3,3,3,3,16,85,50,60,70,85,NA,3,5,1,1,53,1,3,18,50,5,1
2,1,1,1,1,3,16,0,0,100,15,100,7,5,6,5,1,34,1,3,24,40,5,9
1,1,1,1,1,3,16,15,0,85,15,100,6,3,6,2,1,45,1,6,22,15,5,1
1,1,3,2,2,1,35,60,60,70,60,40,5,3,2,2,2,43,1,7,16,40,5,9
2,1,1,2,1,4,35,85,85,40,85,60,3,1,0,2,1,57,1,7,16,85,5,1
1,1,3,2,2,3,35,85,70,50,70,40,3,1,1,5,2,27,5,6,17,70,5,1
1,4,2,2,1,3,35,0,0,85,0,100,6,1,4,5,1,36,3,6,17,30,5,1
1,1,2,1,2,3,35,60,60,0,60,15,3,1,1,5,2,36,5,7,19,70,1,9
2,1,2,1,1,3,35,60,85,15,50,50,3,3,2,4,1,31,1,7,22,100,5,1
2,1,4,3,4,3,35,40,30,70,40,85,5,3,5,2,1,24,1,6,21,50,5,1
2,1,2,1,3,3,35,70,70,60,85,70,4,3,1,4,1,49,3,7,15,85,1,2
2,1,1,2,2,3,35,60,70,0,70,0,2,NA,0,2,2,85,3,7,19,40,5,9
2,1,1,2,1,3,35,70,70,50,85,70,4,3,1,2,1,29,5,6,15,NA,NA,1
2,1,2,2,2,3,35,85,60,30,85,30,3,1,1,4,1,22,1,6,16,100,1,1
2,1,5,4,4,3,0,85,100,NA,100,50,6,1,0,1,1,63,2,1,3,85,5,1
1,1,2,2,2,3,0,60,40,0,30,40,4,3,4,2,1,30,5,7,8,70,5,1
1,1,3,2,2,3,0,15,30,60,30,30,5,3,4,5,1,39,1,7,14,40,5,9
1,1,2,2,2,3,0,85,60,0,70,30,2,3,0,2,2,39,1,4,17,60,1,9
2,1,3,3,3,3,0,40,30,30,30,30,3,5,3,1,1,40,1,4,20,50,5,1
2,1,3,3,3,3,0,50,50,70,40,85,6,3,6,2,1,61,1,3,14,60,5,1
2,1,3,3,2,3,0,0,0,15,40,70,7,3,5,2,1,55,1,3,19,40,5,1
1,1,2,2,2,3,0,60,70,40,60,40,3,1,1,4,2,42,1,7,18,60,5,9
1,1,2,3,2,3,0,60,50,85,60,60,6,3,4,2,1,56,1,3,20,50,5,1
1,1,3,3,3,3,0,0,0,60,40,70,NA,3,4,2,1,40,3,2,15,50,5,9
2,1,3,3,3,3,0,100,85,0,100,0,NA,1,0,2,2,30,3,3,13,100,5,9
1,1,3,3,3,3,0,50,50,50,40,70,NA,5,5,2,2,22,5,3,7,50,5,1
1,1,3,3,3,3,1,70,50,50,70,70,NA,3,3,2,1,42,1,3,NA,70,5,1
2,1,3,3,4,3,1,100,85,0,85,50,NA,1,2,1,1,21,1,2,12,86,5,9
2,1,3,3,2,3,1,85,70,15,70,40,4,1,0,2,1,38,1,3,14,70,5,9
1,1,2,2,2,3,1,60,0,40,50,60,4,3,3,2,1,40,5,3,14,0,5,1
1,1,3,3,2,3,1,0,30,70,15,85,5,5,6,4,1,67,1,3,NA,70,5,1
1,1,2,2,3,3,1,30,30,55,25,60,5,3,5,4,2,26,5,4,16,40,5,1
1,1,3,3,3,3,1,85,85,0,60,50,4,1,2,1,1,28,1,3,20,85,5,9
1,1,3,3,3,3,15,15,0,30,70,30,5,5,4,4,1,48,5,4,9,60,5,1
2,1,1,1,4,3,0,100,70,40,85,40,3,3,1,2,1,41,1,5,NA,NA,NA,9
2,1,3,3,2,3,0,60,70,0,50,50,NA,1,2,4,NA,64,1,1,4,NA,5,9
2,1,3,3,3,3,0,70,50,NA,50,50,NA,1,5,2,1,38,1,3,NA,50,5,1
1,3,5,4,1,3,19,85,85,NA,50,NA,NA,1,1,2,1,63,1,1,4,NA,5,1
2,2,5,5,3,3,19,85,50,NA,70,85,NA,3,3,5,1,44,6,2,3,100,5,9
2,2,4,4,3,3,19,85,100,60,100,40,2,1,0,4,1,36,5,3,2,100,1,1
2,2,5,5,2,3,19,100,100,NA,75,NA,NA,3,0,2,1,83,2,1,1,50,5,1
2,1,2,3,2,3,19,75,50,0,60,50,NA,5,0,5,1,81,2,5,5,50,1,9
2,3,3,3,2,3,19,85,70,50,100,70,NA,3,0,4,1,35,1,3,17,40,5,1
1,1,3,3,2,3,0,15,0,50,30,85,6,5,6,2,1,39,1,5,20,85,5,1
1,1,3,3,2,3,0,50,50,85,50,100,6,3,6,5,1,50,1,3,14,70,5,7
1,1,5,4,5,3,0,90,90,85,85,85,4,3,3,1,1,36,3,2,4,NA,5,9
2,1,4,3,1,3,4,100,85,0,100,0,NA,1,0,5,1,67,1,2,12,60,5,1
2,3,4,2,2,3,4,85,85,50,70,60,NA,1,1,2,1,32,1,3,17,85,5,1
1,1,2,2,1,3,4,85,70,40,85,60,3,1,0,5,1,57,1,6,19,40,5,1
1,3,3,3,2,3,0,70,85,40,70,70,NA,5,1,1,1,35,6,3,15,85,5,1
2,3,5,4,3,3,0,85,85,NA,NA,NA,NA,1,3,2,1,68,1,1,3,NA,5,1
1,3,4,3,3,3,0,70,85,NA,85,50,4,3,0,5,1,23,5,2,18,85,5,1
2,2,4,NA,5,3,0,100,90,NA,85,85,NA,1,0,2,1,83,1,3,12,70,NA,1
2,3,3,3,1,3,0,100,60,50,100,60,4,1,0,2,1,47,1,3,8,85,5,1
2,3,5,3,3,3,0,50,50,50,50,50,NA,3,3,2,2,23,1,3,16,60,5,1
1,2,4,4,3,3,0,85,70,50,100,70,NA,1,1,2,1,58,5,1,12,70,1,7
1,3,5,3,3,3,0,0,60,30,70,60,NA,5,1,1,2,34,4,3,17,50,5,1
1,2,4,3,3,3,0,85,15,NA,50,50,NA,3,1,4,1,36,1,3,13,70,5,1
2,1,2,2,1,4,22,40,15,30,40,60,4,5,3,5,1,22,6,3,17,NA,NA,9
1,1,2,2,1,4,22,70,90,0,75,90,3,1,5,3,2,47,5,3,15,70,5,9
2,1,4,3,3,4,22,50,50,NA,70,15,NA,3,0,3,1,83,2,3,4,60,5,9
2,1,4,3,3,4,22,85,50,50,60,50,5,3,1,1,1,84,2,2,4,70,5,9
2,1,2,3,2,4,22,85,60,60,85,60,4,3,2,2,1,55,2,3,5,NA,NA,9
2,1,2,2,1,4,0,0,0,60,40,60,7,3,6,5,1,36,5,3,1,0,5,1
1,1,1,1,2,4,0,70,60,15,60,30,2,1,0,2,2,45,1,6,22,60,5,9
1,1,3,3,3,4,0,15,0,85,0,85,6,3,6,1,2,70,1,3,10,70,5,9
1,1,3,3,3,4,0,75,50,25,70,30,2,1,0,4,2,67,3,3,9,60,5,9
2,1,1,1,1,4,0,15,30,100,15,100,6,3,6,5,1,35,1,6,17,30,5,1
1,1,2,2,2,4,0,30,15,70,30,85,6,1,6,2,2,35,3,4,20,50,5,1
1,1,1,1,2,4,12,85,60,0,60,30,2,1,0,5,2,45,1,7,20,65,5,9
1,1,4,3,3,4,12,50,40,70,60,100,4,1,6,2,2,82,1,3,17,70,5,9
2,1,2,2,2,4,12,85,70,15,85,30,2,1,0,5,2,27,1,5,24,85,1,1
1,1,3,3,1,4,0,15,15,60,40,70,6,3,6,2,1,56,1,3,13,85,5,1
2,1,3,3,3,4,0,0,0,100,0,85,6,5,6,1,1,38,1,3,21,50,5,1
2,1,NA,NA,NA,3,0,30,30,40,40,60,6,1,5,2,2,49,1,4,23,60,5,9
1,1,2,2,3,4,0,15,30,70,30,70,6,5,1,3,2,43,1,4,21,70,5,9
2,1,4,3,3,4,0,70,60,40,60,50,4,3,1,5,2,57,1,7,21,60,5,9
2,1,4,4,3,4,9,70,50,30,60,40,4,5,2,3,1,35,1,4,8,40,5,7
1,1,4,4,3,4,9,85,85,NA,70,40,NA,3,1,2,1,33,5,3,15,50,5,2
1,3,4,4,3,4,9,0,0,60,85,15,NA,3,2,1,2,47,1,3,6,70,5,9
1,1,4,2,3,4,0,15,0,60,40,70,NA,1,4,4,2,57,4,6,17,40,5,9
2,1,3,3,2,4,1,85,70,40,70,60,NA,1,1,2,1,83,2,3,8,80,5,1
1,1,2,2,1,4,1,40,60,0,40,70,6,5,6,4,1,63,1,7,21,60,5,7
2,1,4,3,3,4,1,85,70,15,70,40,6,1,2,2,1,39,1,4,20,40,5,7
2,1,2,2,1,4,1,30,85,40,40,40,6,3,4,2,1,49,1,6,20,40,5,2
2,1,4,3,3,4,1,60,70,30,60,40,NA,3,1,3,2,65,1,4,16,70,5,9
2,1,3,2,3,4,0,70,60,40,50,50,3,3,3,1,2,30,3,3,5,85,1,9
2,1,2,2,2,1,67,85,70,40,60,40,4,3,1,3,1,27,5,6,15,70,5,9
2,2,4,4,3,1,67,50,50,NA,70,50,3,5,1,2,1,56,2,1,2,100,1,9
2,2,3,3,3,1,67,85,70,0,85,0,NA,5,0,2,1,51,5,5,20,85,5,1
2,2,2,2,1,1,67,100,100,0,100,0,3,1,0,2,1,33,5,5,15,100,1,1
1,1,1,1,1,1,67,15,15,70,30,100,6,3,6,2,2,57,5,6,12,50,5,9
2,2,1,1,1,1,67,100,60,40,85,40,3,5,0,4,1,42,1,7,18,100,1,1
2,2,5,3,5,1,7323,100,70,60,85,85,7,1,3,2,1,21,5,2,8,100,1,9
1,4,1,1,1,1,7323,100,100,85,70,85,4,1,4,2,1,45,1,3,20,100,5,7
1,1,3,3,2,1,7323,85,50,50,85,50,NA,3,1,3,1,28,5,3,4,85,5,9
1,2,4,3,5,1,7323,85,85,NA,85,0,NA,3,2,1,1,37,1,2,NA,NA,NA,9
2,1,2,2,2,1,7323,85,70,30,60,40,5,3,1,1,1,55,3,4,20,100,1,3
1,1,2,1,2,3,7323,62,0,0,50,50,2,5,3,3,1,27,5,6,9,100,NA,9
2,1,2,2,2,1,7323,85,85,40,70,50,4,3,3,3,1,79,5,4,17,70,5,1
2,4,2,2,2,1,7323,70,40,60,70,85,4,1,4,2,2,63,3,6,15,70,5,9
2,1,2,1,1,1,7323,85,85,0,85,15,2,1,0,4,1,43,1,7,24,85,1,3
2,1,1,1,1,1,7323,70,70,50,60,70,5,1,5,4,2,50,3,6,23,85,1,1
1,4,1,1,1,1,7323,50,25,70,90,80,5,1,1,2,1,37,1,7,18,50,5,1
1,1,3,2,2,1,7323,70,70,40,85,30,2,1,0,4,1,37,5,4,14,85,1,2
2,2,2,2,1,1,7323,80,80,NA,85,70,NA,3,0,2,1,80,2,3,14,70,5,1
1,2,2,2,2,1,7323,70,60,40,70,50,3,3,0,4,1,62,3,4,16,60,5,7
1,2,2,3,3,1,7323,85,70,40,85,60,3,3,0,5,1,38,1,4,20,85,1,1
2,2,4,3,3,1,7323,70,70,NA,85,15,2,5,0,2,1,21,5,4,17,85,5,7
2,3,2,2,1,1,7323,80,80,15,85,50,NA,1,0,2,1,80,2,5,NA,75,5,2
1,2,1,1,1,3,7323,85,70,0,60,50,4,1,1,5,2,57,5,6,19,90,NA,1
2,2,3,2,2,1,7323,60,60,40,70,30,2,3,2,3,1,27,3,6,15,85,1,7
2,2,3,3,3,1,7323,85,70,50,60,60,3,5,3,2,1,36,5,4,8,70,5,7
2,2,3,3,2,1,7323,85,60,0,85,40,NA,5,0,1,1,39,1,5,21,60,1,1
2,2,3,3,3,1,7323,85,85,15,70,15,NA,1,0,2,1,38,1,4,22,70,5,1
1,1,1,1,1,1,15,60,30,50,NA,NA,5,3,1,3,2,57,5,7,23,50,5,9
2,1,3,2,1,1,15,30,40,50,30,85,6,5,6,NA,1,59,3,1,5,70,5,2
1,1,1,1,1,1,15,70,30,15,60,30,3,3,2,3,2,32,5,7,22,40,5,9
1,1,NA,NA,NA,1,15,70,85,60,70,50,5,1,2,1,2,26,5,4,15,60,5,9
1,1,NA,NA,NA,4,3485,70,85,60,85,60,4,3,2,4,1,21,5,3,19,85,5,9
1,1,1,1,1,4,3485,25,15,60,30,55,7,3,4,1,2,34,5,7,24,15,5,9
1,2,2,3,3,4,3485,100,85,NA,100,30,5,3,1,1,1,72,4,2,7,70,5,9
1,1,2,2,2,4,3485,85,70,0,85,15,2,1,0,1,2,34,3,4,4,85,5,9
2,4,2,2,2,4,3485,30,0,30,40,70,5,1,5,5,1,35,1,6,21,60,5,2
1,1,NA,NA,NA,4,3485,70,85,0,70,15,3,1,1,5,2,32,1,6,23,NA,NA,9
2,1,3,2,2,4,19,85,60,60,70,85,NA,5,5,4,1,48,3,4,5,100,5,1
2,4,3,3,4,4,19,50,60,50,60,85,4,3,5,5,1,35,1,4,15,85,5,2
2,1,3,3,3,4,19,100,85,NA,100,70,4,5,1,5,1,45,4,3,2,85,5,2
2,1,2,2,2,4,13,60,30,0,70,0,3,1,1,2,2,67,2,4,21,15,5,1
2,1,NA,NA,NA,4,62,30,15,60,30,70,6,3,6,2,1,49,1,4,20,30,5,1
1,1,NA,NA,NA,4,62,0,0,70,50,50,7,3,5,2,1,75,5,3,3,25,5,9
2,1,NA,NA,NA,4,62,15,30,85,30,70,7,5,6,2,1,36,1,5,21,15,5,1
1,1,NA,NA,NA,4,62,50,40,50,50,50,4,1,5,4,1,38,1,3,22,NA,NA,7
2,1,NA,NA,NA,4,50,70,60,50,60,40,3,5,2,1,2,35,5,5,17,NA,NA,7
2,1,3,3,3,4,87,85,85,0,85,30,3,1,0,2,2,41,5,4,16,85,1,9
1,1,NA,NA,NA,4,87,70,70,15,60,30,2,1,1,1,1,33,1,6,21,85,1,7
1,1,3,2,3,2,51,60,60,15,50,50,4,1,2,3,1,50,1,6,20,NA,5,7
1,1,4,3,3,2,51,40,15,50,50,50,4,3,3,1,1,31,5,6,19,85,5,9
1,1,1,1,1,4,51,60,70,60,40,60,5,3,5,2,1,43,1,6,23,50,5,1
1,1,2,3,2,2,51,70,60,15,100,30,3,1,0,1,1,74,2,3,15,50,5,2
1,1,3,3,2,2,51,60,60,30,60,50,3,1,1,4,2,80,1,3,19,60,1,3
2,1,2,2,2,2,51,70,60,0,40,40,2,3,2,2,1,44,1,5,23,100,5,2
2,1,1,1,1,3,51,80,70,10,65,20,5,3,1,4,1,41,1,6,21,NA,NA,2
1,1,2,2,1,2,2784,40,40,50,60,60,5,3,3,2,1,63,2,6,19,70,5,9
1,1,2,2,2,2,2784,100,85,50,100,15,2,1,0,3,1,51,1,4,16,100,5,2
2,1,4,3,2,2,2784,100,100,50,100,0,NA,1,0,4,1,54,1,6,14,100,5,9
2,1,1,2,2,2,2784,15,0,60,15,70,4,3,5,1,1,74,2,3,13,0,5,2
1,4,3,3,3,2,2784,60,70,85,70,85,NA,3,5,5,1,60,1,6,NA,85,5,2
1,1,2,2,2,2,2784,50,40,NA,50,50,4,3,2,1,1,74,1,4,16,50,5,2
1,1,NA,NA,NA,2,2784,100,NA,NA,85,30,3,3,0,1,1,28,5,2,12,85,5,9
2,1,1,1,1,2,2784,85,70,0,85,0,5,1,0,2,1,46,5,6,18,70,5,2
2,2,2,3,3,2,2784,90,100,NA,100,0,1,3,0,3,1,38,4,3,9,100,5,1
1,1,NA,NA,NA,2,2784,60,60,15,60,40,4,1,3,2,1,27,1,7,17,85,5,2
2,1,3,3,2,2,2784,100,85,15,100,15,4,3,0,1,1,50,4,5,NA,NA,5,1
1,2,NA,NA,NA,2,2784,85,0,0,100,30,3,1,0,1,1,67,3,1,NA,50,5,1
2,1,2,2,1,2,2784,85,100,0,85,0,2,3,0,1,1,23,5,4,18,85,1,2
2,1,2,2,2,2,2784,0,0,50,40,70,7,3,4,2,1,39,1,3,20,NA,NA,2
2,1,2,2,2,2,59,85,70,30,70,60,4,3,2,4,1,70,1,3,24,70,5,3
2,1,4,3,3,2,59,60,75,NA,60,50,3,3,1,3,1,73,2,5,5,70,5,3
1,1,2,2,1,2,59,85,85,15,65,35,2,1,4,5,1,52,1,7,23,100,5,3
1,1,2,3,3,2,56,60,40,50,85,70,6,3,0,2,1,78,2,6,15,50,5,2
2,1,2,3,3,2,56,30,70,0,0,100,6,3,6,2,1,93,2,1,NA,50,5,1
1,1,3,3,2,2,56,70,85,15,70,40,4,1,1,5,1,26,5,6,23,60,5,2
2,1,3,3,3,2,56,30,40,30,40,60,5,3,5,4,2,42,1,4,23,50,5,9
1,1,3,3,2,2,56,15,40,60,40,70,5,3,5,1,1,35,1,6,22,40,5,2
1,1,1,1,1,2,18,0,0,100,0,85,4,3,6,4,2,44,1,7,NA,60,5,1
1,1,3,2,1,2,18,30,50,70,60,85,5,3,4,2,1,72,1,6,23,70,5,2
1,1,2,1,1,2,18,30,40,85,40,60,6,1,5,4,1,53,1,7,24,50,5,2
1,1,2,2,1,2,18,30,0,85,30,60,NA,1,6,4,2,49,1,6,24,60,5,1
2,1,2,2,2,3,18,0,0,60,0,85,6,3,6,3,1,67,1,5,21,40,5,1
1,1,3,2,3,1,35,85,70,60,70,70,4,3,3,2,1,78,1,3,21,70,5,9
1,1,3,3,3,1,35,15,40,70,50,85,4,1,4,2,1,76,5,2,11,60,5,9
2,1,4,3,3,1,55,70,0,0,60,30,4,3,1,4,1,40,5,3,19,85,5,2
2,1,4,3,4,1,55,85,85,0,70,15,2,3,0,2,1,41,1,3,21,70,5,2
1,1,3,3,2,1,55,85,70,40,100,60,4,3,1,5,1,71,1,2,11,85,5,2
1,2,1,1,1,1,1586,100,100,0,80,20,4,1,0,5,1,41,1,7,11,NA,NA,9
1,2,3,2,3,1,1586,60,40,40,60,60,4,1,3,2,NA,27,5,4,16,70,5,9
1,1,1,1,1,3,1586,80,60,5,65,30,2,1,0,4,2,30,5,7,14,60,5,9
2,1,3,2,2,1,1586,85,85,0,85,15,2,1,0,4,1,29,3,7,17,100,1,3
1,1,2,2,1,1,1586,0,0,50,40,85,5,5,6,2,1,78,1,6,19,70,5,1
1,1,2,3,2,1,1586,85,85,0,85,0,NA,1,2,2,1,69,4,2,4,85,5,7
2,1,4,3,4,1,4,70,60,75,60,85,5,1,5,4,1,86,2,2,2,100,5,9
2,1,4,4,3,1,4,60,50,0,60,50,4,3,5,2,2,62,3,2,15,60,5,9
2,1,4,4,3,1,4,70,40,50,50,50,3,3,4,3,2,48,4,3,15,85,5,9
2,1,3,3,3,1,4,85,70,0,85,60,4,1,0,2,1,88,2,2,3,85,5,9
1,1,4,4,3,1,4,70,70,60,0,100,6,3,6,4,2,42,5,2,9,70,5,9
2,1,5,3,5,1,4,40,NA,NA,50,60,4,5,5,3,1,88,2,1,18,70,1,9
2,1,4,4,3,1,4,85,60,0,85,15,6,3,1,1,2,48,5,3,17,70,5,2
1,1,1,2,2,1,0,0,0,100,15,70,7,3,6,5,1,54,5,6,23,0,5,2
1,1,2,2,2,1,0,0,0,50,50,85,6,1,6,2,1,65,1,7,20,15,5,2
2,1,3,2,2,1,0,15,0,50,30,60,6,3,5,3,1,80,5,4,NA,30,5,2
1,1,2,2,4,1,0,60,30,15,40,40,3,1,3,1,1,61,2,7,21,15,5,9
1,1,2,2,2,2,8,30,30,60,30,40,5,3,5,2,1,36,1,7,22,50,5,2
2,1,3,2,2,2,8,75,50,50,70,30,4,3,1,2,2,21,1,3,15,70,5,7
2,1,2,2,1,2,8,0,0,60,40,60,5,5,5,2,1,25,5,4,17,60,5,9
1,1,4,3,3,2,8,0,0,50,0,70,5,5,4,2,2,29,5,3,20,50,5,9
1,1,3,3,2,2,8,85,70,40,70,50,4,1,1,2,2,32,3,3,15,50,5,9
2,1,3,2,3,2,145,15,15,70,50,50,4,5,2,5,1,26,5,4,NA,NA,NA,2
2,1,4,3,3,2,145,0,60,NA,50,85,NA,3,5,5,1,60,3,3,NA,NA,NA,1
2,1,3,2,3,2,145,70,70,40,70,60,3,1,0,2,1,26,5,6,24,70,5,2
2,1,2,2,2,2,145,85,85,30,70,60,4,1,0,2,1,55,1,3,20,60,5,1
1,1,3,3,3,2,67,85,0,30,85,20,4,3,1,2,1,64,3,3,4,100,5,1
2,1,3,3,3,2,67,50,50,NA,50,50,NA,NA,3,2,2,35,3,3,16,50,5,9
1,1,2,3,3,2,67,70,70,75,65,80,2,NA,4,5,1,47,5,2,NA,70,5,2
1,1,3,3,3,2,67,60,60,30,60,40,4,3,4,2,1,69,1,3,23,50,5,7
2,1,2,3,3,2,67,100,50,0,85,15,4,3,0,3,1,29,5,3,21,50,5,7
2,1,3,2,3,2,101,40,60,40,50,70,5,1,5,4,1,76,2,2,8,60,5,2
2,1,3,3,3,2,101,30,0,40,30,70,4,5,5,2,2,39,1,5,11,50,5,9
1,1,3,3,2,2,71,70,50,0,70,30,4,3,NA,5,1,32,5,5,NA,70,5,2
2,1,3,3,3,2,71,85,60,40,85,40,4,5,0,2,1,57,1,4,19,70,5,9
2,1,3,3,3,2,71,70,70,15,85,40,2,1,0,2,1,64,1,3,21,50,5,1
1,1,2,3,1,2,71,60,50,0,50,50,5,1,2,4,1,55,1,3,21,NA,NA,9
2,2,3,3,2,2,1028,85,70,15,70,30,4,1,0,3,1,42,5,5,11,85,1,9
1,2,3,3,3,2,1028,100,80,25,100,50,5,1,0,5,1,74,1,1,1,75,5,7
2,1,3,2,3,2,1028,80,50,0,70,50,NA,3,1,4,1,34,3,4,15,70,1,9
2,2,5,3,4,2,1028,0,0,0,0,0,1,NA,NA,4,1,33,5,4,3,50,5,7
2,1,2,2,2,4,48,0,0,0,40,15,4,NA,5,3,2,83,2,NA,19,40,5,2
2,1,2,2,2,4,31,15,15,60,30,100,6,3,5,2,2,36,1,6,22,40,5,9
2,1,2,1,2,4,31,40,70,0,50,60,5,3,3,4,2,49,3,6,24,85,1,9
2,1,2,2,2,4,31,70,85,15,70,40,2,3,1,1,2,35,1,7,24,85,5,9
1,2,3,3,2,4,372,100,100,50,100,50,6,1,0,2,2,35,3,3,11,100,5,7
1,1,3,3,3,4,54,70,60,30,85,40,NA,5,1,2,1,65,1,2,NA,60,5,2
1,1,3,2,2,4,54,70,70,0,70,0,2,1,0,2,1,36,1,6,18,70,5,7
2,1,3,3,2,4,724,70,100,0,70,15,1,1,1,2,2,64,3,6,10,70,5,2
1,1,1,2,2,4,724,70,60,70,60,85,6,1,5,4,2,48,1,7,21,60,5,9
1,1,3,3,2,4,724,60,60,0,40,0,3,3,2,2,2,45,5,5,12,60,5,9
1,4,3,2,3,3,13,85,60,50,70,85,4,1,6,4,1,35,1,6,20,NA,NA,9
1,1,2,2,2,3,13,70,60,0,60,30,3,1,2,4,2,37,5,6,20,75,5,9
1,2,3,3,1,3,13,70,60,60,70,70,5,3,5,5,1,62,1,4,20,50,5,9
2,2,3,2,3,3,13,100,100,96,85,20,NA,1,0,3,1,37,1,6,NA,60,5,1
1,1,2,2,2,3,13,85,60,60,50,60,5,1,4,1,1,73,2,4,8,85,5,1
1,2,2,1,3,3,45,40,60,40,60,60,5,1,3,4,1,29,1,6,21,85,5,1
2,1,3,3,3,3,45,50,40,40,50,60,5,3,5,2,1,52,3,5,NA,70,5,1
1,1,1,1,1,3,45,60,40,15,70,30,3,1,1,5,2,44,1,6,19,60,5,2
2,1,2,1,2,3,45,60,60,40,60,30,2,1,5,5,1,58,3,7,NA,70,5,9
2,1,2,2,1,3,45,70,60,15,70,40,1,1,0,4,2,31,1,4,17,70,1,9
1,4,3,2,2,3,45,60,60,60,60,60,5,1,4,4,1,61,1,7,21,70,5,1
2,1,3,2,3,3,9,30,30,70,30,85,6,3,6,2,2,33,1,6,24,60,5,1
1,1,1,1,1,3,9,65,70,30,65,60,4,1,3,5,2,48,3,7,24,NA,NA,9
1,1,2,2,2,3,9,40,0,30,60,60,5,3,4,4,1,69,1,4,24,70,5,1
1,1,1,1,2,3,9,85,70,30,60,40,3,1,2,4,2,65,5,7,24,NA,NA,9
2,1,1,1,2,4,9,70,85,40,70,40,2,1,0,4,1,27,6,7,19,70,1,2
1,1,2,1,3,3,9,15,30,60,15,85,6,1,6,4,2,87,1,7,23,50,5,9
2,1,4,3,4,3,9,60,80,40,40,70,7,3,6,4,1,91,2,5,19,NA,NA,9
2,1,1,1,1,3,9,70,70,40,70,60,3,1,1,4,2,47,1,6,24,70,5,9
1,1,2,2,3,3,9,60,60,0,60,0,2,3,0,2,2,62,1,7,NA,70,5,9
1,1,1,1,1,3,9,60,51,51,60,60,5,3,4,2,1,46,1,6,24,50,5,2
1,1,1,2,1,3,171,84,78,60,78,48,2,1,0,4,1,54,1,7,24,80,1,2
2,1,4,3,2,3,171,85,95,50,70,50,4,3,1,2,1,48,1,1,12,70,5,2
1,1,1,1,1,3,171,60,30,50,70,80,4,3,4,5,1,89,1,7,20,70,5,9
1,1,1,2,1,3,171,85,70,10,85,30,4,1,0,4,2,75,2,5,21,85,5,2
2,1,1,2,1,3,171,85,85,60,70,60,2,1,0,5,1,41,4,6,20,70,5,2
2,4,2,2,2,3,18,60,60,70,60,85,5,5,4,2,1,52,1,7,24,85,5,2
1,1,2,1,1,3,18,30,15,70,30,70,6,1,4,2,2,48,1,7,24,40,5,9
2,1,2,1,3,3,18,70,70,40,50,50,4,3,4,3,1,44,1,7,24,60,5,1
1,1,1,1,1,3,18,85,60,30,60,40,2,1,1,4,2,51,1,7,24,70,5,9
1,1,1,1,1,3,18,70,60,15,70,30,5,1,0,5,2,45,1,7,22,70,5,1
2,1,2,2,2,3,18,70,40,30,70,70,4,5,3,2,1,61,1,7,24,60,5,1
1,1,1,1,1,3,18,5,5,95,25,85,6,3,5,4,1,55,1,7,23,30,5,1
2,1,1,2,1,3,18,30,15,15,40,60,5,3,3,4,1,53,1,5,23,60,5,1
1,1,1,2,2,3,18,40,40,60,60,70,5,1,6,4,1,39,1,7,21,70,5,2
2,1,3,2,3,3,0,30,15,15,40,70,NA,3,4,4,1,26,1,4,21,50,5,9
1,1,3,2,3,3,0,70,40,15,70,50,3,1,1,4,1,39,1,6,23,70,5,2
2,1,2,3,1,3,0,85,85,0,85,40,2,1,1,5,2,55,3,3,19,85,5,1
1,1,3,2,3,3,0,60,70,70,50,50,3,3,3,5,1,53,2,7,21,60,5,2
2,4,2,2,1,3,0,70,70,40,40,40,3,1,0,4,2,48,1,6,24,60,5,9
2,1,2,2,1,3,0,40,40,60,40,60,5,3,3,4,2,48,1,7,23,60,5,1
1,1,1,1,1,3,66,70,70,0,60,40,4,1,1,1,1,35,1,5,21,50,5,1
2,1,2,2,2,3,66,70,85,0,85,40,2,1,2,4,1,24,5,6,5,NA,NA,1
2,1,3,2,3,3,18,70,70,0,70,70,4,1,5,2,1,67,1,7,20,60,5,1
1,1,2,2,2,4,9,15,50,60,40,85,6,3,6,4,2,30,1,6,8,60,5,2
2,1,2,2,2,3,9,85,85,10,90,55,3,1,1,2,2,33,5,6,14,90,1,3
2,1,3,3,1,3,101,100,70,NA,85,50,NA,1,0,2,1,83,2,3,7,NA,5,9
2,1,1,2,2,3,101,50,70,85,50,85,6,5,5,2,1,64,2,5,11,30,5,1
2,4,2,2,2,3,75,85,100,0,85,40,3,1,0,2,2,42,1,6,22,60,5,9
2,1,1,1,1,3,75,30,40,40,50,50,6,5,4,5,1,54,1,4,20,60,1,9
1,1,2,2,3,3,75,15,15,70,35,65,6,3,6,4,1,55,1,6,23,20,5,1
1,1,2,2,1,3,75,70,30,40,40,60,3,3,5,2,2,55,1,7,21,70,5,1
1,1,1,1,2,3,75,60,60,60,60,60,4,1,5,5,1,54,1,6,23,85,5,1
1,1,1,1,1,3,75,70,50,0,50,40,4,3,3,2,2,41,1,7,22,85,5,9
1,1,1,1,2,3,75,70,40,0,70,60,5,1,5,2,1,62,1,6,24,40,5,1
1,1,1,1,2,3,75,70,70,70,40,85,5,3,5,2,1,75,1,6,19,70,5,1
2,1,3,2,3,3,75,70,60,45,50,50,5,1,5,2,1,42,1,6,22,60,5,1
2,1,2,1,2,3,29,50,50,15,50,50,4,1,3,3,2,38,1,7,23,70,1,9
2,1,1,2,2,3,29,85,60,30,70,40,3,1,2,5,1,37,3,5,15,70,1,1
1,1,1,1,2,3,29,0,0,85,15,85,6,1,6,5,1,38,1,6,NA,15,5,1
1,1,2,2,3,3,3,60,30,35,50,60,5,1,4,4,1,25,5,5,17,70,5,1
1,2,5,4,4,3,1631,85,85,50,60,70,3,NA,4,4,1,26,5,2,1,NA,NA,9
1,1,1,1,1,3,1631,80,80,20,60,60,4,1,4,2,2,27,5,5,15,70,5,2
1,1,2,2,2,3,0,100,90,70,95,90,2,3,1,5,1,56,1,7,22,100,NA,1
1,1,2,2,1,3,0,15,0,85,15,85,6,1,6,5,1,30,5,7,20,40,5,2
1,1,3,2,2,3,0,60,50,40,50,50,4,1,5,2,1,37,1,5,NA,50,5,1
1,1,1,1,1,3,0,70,65,55,50,70,5,3,5,2,1,41,5,7,20,60,5,1
2,1,1,1,1,3,0,70,85,30,70,30,4,3,3,1,1,28,5,6,15,60,5,1
1,1,1,1,1,3,0,85,40,40,60,70,5,3,6,4,1,30,5,6,17,60,5,1
2,1,3,3,3,1,81,85,100,0,100,15,4,3,0,4,1,34,1,3,20,70,5,2
1,1,2,2,3,1,81,65,50,50,70,80,5,3,4,4,2,34,1,4,21,70,5,9
1,1,4,3,3,1,33,85,50,15,50,50,4,1,2,2,1,88,2,1,NA,NA,5,9
1,2,3,2,3,1,1,85,70,15,70,50,4,1,1,3,1,33,5,5,NA,50,5,9
2,2,3,3,3,1,1,85,85,0,100,15,NA,3,0,1,1,52,1,4,20,70,5,1
2,2,4,2,4,1,1,70,70,50,70,60,NA,3,0,1,1,44,1,4,NA,85,5,7
1,2,1,1,2,1,1,85,85,30,70,60,4,3,2,5,1,63,1,7,24,50,1,1
2,1,3,2,2,1,5,0,0,0,0,0,4,1,4,1,1,54,5,4,20,5,5,9
2,1,3,3,2,1,9,40,70,40,40,60,5,1,5,2,1,73,2,4,10,60,5,2
2,1,2,2,2,1,9,85,100,15,85,40,2,1,2,2,2,34,5,7,24,85,1,2
1,1,NA,NA,NA,1,9,50,60,40,50,50,NA,3,4,3,1,38,1,6,20,60,5,2
2,1,3,3,1,3,9,60,70,40,30,60,7,3,4,2,1,46,1,3,20,80,5,9
2,1,4,2,3,1,16,70,70,50,40,60,NA,1,5,2,1,40,1,6,20,70,5,2
1,1,2,2,1,1,16,15,30,60,40,70,6,1,5,4,1,41,1,4,19,50,5,1
1,1,1,2,1,1,16,65,50,60,60,70,5,1,5,5,1,85,1,2,17,70,5,2
2,1,4,3,4,1,16,15,50,15,40,70,NA,5,3,1,1,67,1,2,NA,NA,NA,2
2,1,5,3,4,1,16,70,100,NA,85,50,NA,3,2,3,1,73,1,2,NA,100,5,2
1,1,3,2,2,2,3,30,15,50,30,70,2,1,6,2,1,33,1,6,22,50,5,2
1,1,4,3,4,2,3,85,60,40,70,70,6,1,5,1,1,33,3,4,9,85,5,2
2,1,4,2,2,2,3,30,0,70,50,50,4,3,5,1,1,74,2,3,12,50,5,1
1,1,3,3,3,2,397,60,60,0,60,15,2,3,1,2,2,32,5,4,5,50,5,2
1,1,4,3,2,2,0,85,60,NA,85,15,NA,3,1,4,2,24,1,3,15,NA,NA,1
1,3,1,2,1,2,0,0,0,85,0,85,6,5,6,5,1,49,1,4,17,30,5,1
2,1,3,2,1,2,0,60,50,50,50,50,4,1,3,1,2,50,3,3,20,85,5,1
1,1,3,2,2,1,370,70,60,0,70,60,4,1,1,2,1,79,2,4,11,85,5,1
1,1,1,1,2,1,33,0,0,100,0,60,6,5,5,5,1,40,1,7,20,0,5,1
2,4,3,2,3,1,33,70,70,40,50,50,4,1,2,2,1,33,1,7,24,50,5,2
2,1,3,2,3,1,33,30,15,70,50,70,4,3,6,3,1,82,2,3,6,50,5,9
2,1,2,2,2,1,12,85,85,15,85,30,NA,3,5,2,1,72,2,2,4,40,5,2
2,1,3,3,2,1,0,70,60,NA,50,50,NA,3,1,3,1,31,1,3,19,50,5,9
1,1,3,3,3,1,0,85,85,0,100,50,4,1,0,3,1,72,1,2,12,70,5,2
1,2,3,3,1,3,0,85,60,30,100,40,NA,1,0,4,1,60,3,3,16,60,5,9
2,1,NA,NA,NA,3,736,15,50,85,0,70,5,3,0,5,1,55,1,5,20,80,5,1
1,1,NA,NA,NA,3,736,15,60,NA,40,70,NA,5,4,3,1,55,1,3,17,60,5,9
1,1,2,2,2,3,0,15,0,85,15,70,5,1,5,1,2,44,1,6,24,NA,NA,9
1,1,1,1,1,3,0,35,15,80,30,80,6,1,6,4,2,46,1,7,24,15,5,9
2,1,4,3,1,3,0,85,70,30,70,40,NA,1,0,4,1,66,1,4,14,70,1,1
2,1,4,3,3,2,53,70,60,50,70,60,NA,3,2,4,1,37,1,4,21,60,5,1
2,1,3,3,3,2,53,85,70,35,70,45,5,1,1,2,1,33,5,5,6,50,5,2
2,1,3,3,3,2,53,85,70,0,60,40,4,5,2,4,1,37,6,4,20,100,5,7
2,1,4,3,3,2,53,70,70,40,70,60,3,3,1,2,1,37,5,5,19,70,5,2
2,1,3,3,4,2,53,70,60,NA,70,85,3,3,5,1,2,42,1,3,18,50,5,9
2,1,3,3,2,2,53,70,65,50,60,40,4,1,1,4,2,37,5,6,15,60,5,9
1,1,5,3,4,2,53,70,60,30,70,40,5,3,1,1,2,43,1,3,21,40,5,1
2,1,1,2,1,2,53,100,100,0,85,60,2,1,0,2,2,57,4,6,12,100,1,7
1,1,3,3,2,2,22,85,85,40,60,40,5,1,1,2,2,68,1,3,16,70,5,9
1,1,3,3,1,2,22,30,15,100,15,85,6,3,6,2,2,62,1,4,21,60,5,1
2,1,4,3,3,2,22,30,15,50,40,85,6,5,6,4,1,32,1,3,20,70,5,7
1,1,3,2,3,2,22,60,60,60,40,40,6,1,4,5,2,45,1,5,19,40,5,9
1,1,3,3,2,2,22,30,15,85,30,70,6,1,4,5,1,50,1,6,21,60,5,1
1,1,3,3,3,2,22,85,70,15,40,40,5,1,4,1,1,52,3,3,21,60,5,1
2,1,3,3,3,2,22,70,70,50,60,70,NA,3,5,4,2,22,5,4,12,85,1,9
2,1,4,3,3,4,22,NA,NA,NA,65,65,NA,3,0,3,1,84,2,3,NA,50,5,2
1,1,3,3,3,2,22,60,50,40,60,60,4,3,5,3,2,36,5,6,16,50,5,9
1,1,2,2,3,2,0,30,15,70,30,70,6,3,5,4,1,37,1,4,19,NA,NA,2
2,1,3,2,2,2,0,40,15,60,50,60,6,1,5,4,1,36,1,4,20,50,5,2
1,1,NA,NA,NA,2,0,0,0,60,0,70,6,5,6,2,1,59,1,5,22,50,5,1
1,1,3,3,4,2,0,70,50,50,70,70,5,1,4,4,2,45,5,3,19,NA,NA,9
2,1,3,3,3,2,0,50,50,40,60,70,6,3,3,1,1,69,1,1,14,30,5,2
2,1,4,3,4,2,0,60,60,40,50,60,5,3,3,4,1,45,1,5,19,50,5,2
2,1,1,2,1,2,0,90,50,1,90,10,6,3,0,1,1,59,2,3,12,85,5,2
1,1,1,1,3,2,272,70,70,0,50,50,NA,1,2,2,2,56,3,7,NA,NA,NA,9
1,1,2,3,1,2,272,85,85,15,85,60,3,3,1,3,1,67,1,3,15,70,5,2
2,1,3,2,2,2,272,70,60,0,70,50,3,1,1,4,1,43,1,6,14,NA,NA,1
2,1,4,3,5,2,272,50,50,60,0,0,NA,3,3,2,1,78,2,3,NA,NA,5,9
2,1,NA,NA,NA,2,272,85,60,15,85,15,3,1,0,2,1,48,1,3,21,NA,NA,9
1,1,1,2,2,2,272,60,50,40,50,50,3,1,3,4,2,69,1,5,17,60,5,9
2,2,5,3,4,3,394,70,60,50,60,50,4,3,2,3,2,29,5,3,10,85,5,9
2,2,3,3,1,3,394,85,100,0,85,60,3,3,1,2,1,40,5,5,2,100,1,1
2,1,4,3,3,3,394,100,50,0,100,0,NA,3,0,1,1,28,5,3,7,100,5,9
2,2,5,4,4,3,394,85,85,40,60,70,NA,1,1,4,1,34,5,3,2,85,5,9
2,2,3,2,2,3,394,70,70,50,60,40,3,3,2,2,2,25,5,4,13,60,1,1
2,2,3,3,3,3,394,85,85,40,85,50,4,3,1,2,2,43,4,3,7,70,1,1
2,2,4,3,3,3,394,100,30,40,100,50,3,3,2,2,1,24,5,3,5,NA,NA,1
1,1,3,2,2,3,0,7,3,80,2,90,6,3,6,2,2,42,3,7,17,40,NA,1
1,1,1,2,1,3,0,0,0,85,0,70,6,3,6,2,1,43,1,6,18,15,5,1
2,1,3,3,2,3,0,70,40,70,60,70,4,3,5,4,1,31,1,3,21,85,5,1
1,1,4,3,2,3,0,60,50,50,70,70,5,1,2,2,1,39,1,2,13,60,5,1
1,1,3,3,2,3,0,85,85,15,70,60,3,3,1,1,1,27,1,3,19,50,5,1
1,1,2,2,2,3,0,50,10,80,60,70,4,5,4,4,1,35,5,7,19,0,5,1
1,2,2,2,1,3,0,70,70,0,65,10,5,1,2,3,1,27,6,5,20,85,5,1
1,1,3,2,2,3,0,70,60,30,50,60,4,3,5,4,1,32,1,6,16,60,5,1
1,1,4,4,3,3,1,60,50,0,50,50,6,1,4,3,1,37,1,3,NA,50,5,1
2,1,5,4,3,3,1,100,100,0,100,0,NA,3,0,1,1,82,NA,2,3,70,5,9
1,1,3,3,2,3,1,0,NA,60,40,85,6,5,5,1,1,73,2,3,12,70,5,1
2,1,2,2,2,3,1,60,50,15,60,40,4,3,2,4,1,39,5,6,6,40,5,9
2,1,2,2,2,3,1,90,95,20,75,10,2,1,1,4,2,44,1,6,NA,85,1,1
1,1,4,3,3,1,328,70,70,15,85,0,4,3,1,4,1,43,1,5,15,70,5,1
1,1,3,2,3,1,328,85,85,30,60,50,4,5,1,2,2,31,5,4,1,50,5,9
1,1,1,1,1,1,0,60,70,0,70,60,4,1,2,2,1,43,5,6,21,40,5,2
1,1,1,1,1,1,0,0,0,100,30,85,6,3,6,2,1,52,1,7,24,30,5,2
1,1,1,1,1,1,0,40,0,85,30,70,6,3,5,5,1,44,1,6,NA,70,5,2
1,1,1,1,1,1,0,60,60,70,40,60,4,1,5,4,1,72,1,7,15,40,5,2
1,1,2,2,2,3,0,30,15,60,15,60,6,5,5,2,2,44,1,6,23,NA,NA,2
2,1,3,3,1,1,48,50,50,0,50,50,NA,5,5,1,1,56,5,3,13,50,5,2
1,1,2,2,2,1,0,50,15,50,50,60,5,3,5,4,1,59,1,NA,NA,NA,5,1
2,1,1,2,2,1,0,30,30,70,30,85,6,1,6,5,1,67,1,4,16,40,5,2
2,1,2,3,1,1,35,30,30,85,40,60,6,3,4,1,1,38,1,2,15,0,5,1
2,1,1,1,1,1,35,100,100,0,100,0,4,5,1,1,1,46,3,3,4,85,1,1
2,1,4,3,2,1,35,70,60,50,50,70,NA,1,5,1,1,53,1,3,17,60,5,9
2,1,3,2,2,1,11,70,70,NA,70,30,2,3,1,4,2,27,6,5,NA,60,5,9
1,1,2,2,2,1,11,15,0,15,60,50,5,1,4,2,1,75,1,3,14,50,5,2
1,1,3,2,2,1,11,30,30,60,40,60,6,3,5,4,1,32,5,6,19,40,5,2
2,1,1,2,2,1,11,60,85,15,60,40,5,3,1,1,1,43,2,7,18,70,5,2
2,1,1,1,1,1,11,85,70,0,60,0,2,1,2,1,1,71,5,6,15,50,5,2
2,2,1,1,1,1,50,70,70,0,70,15,2,3,2,4,1,43,4,6,21,NA,NA,7
2,2,4,3,3,1,50,100,100,60,100,0,6,1,1,2,1,23,5,3,21,NA,NA,9
1,1,3,3,2,1,50,60,50,40,60,70,5,3,3,2,2,44,1,3,21,50,5,9
1,2,3,2,1,1,50,85,70,60,70,70,6,1,0,5,1,67,2,3,10,NA,NA,1
1,2,3,3,3,1,50,100,85,50,100,50,NA,3,1,1,1,34,4,3,22,100,5,1
1,1,3,3,3,1,47,85,60,40,85,60,NA,3,1,1,2,30,4,3,19,NA,NA,1
2,1,3,2,1,3,47,85,85,0,40,15,3,1,2,4,2,40,1,7,24,85,5,9
1,2,4,3,3,1,47,60,60,15,60,40,4,3,2,2,1,51,1,3,14,80,1,1
1,1,3,2,3,1,47,60,50,40,60,50,4,3,1,4,2,58,1,6,21,60,5,2
1,1,1,1,1,1,47,15,30,70,35,70,6,3,6,4,NA,36,1,6,23,55,5,1
2,1,3,2,3,4,47,75,80,10,50,50,3,1,1,4,1,58,2,3,12,70,1,2
2,1,4,3,3,1,74,70,50,NA,70,30,5,1,0,3,2,92,2,3,1,50,5,3
2,2,4,2,1,1,74,60,85,0,40,40,4,1,2,4,1,88,2,2,2,55,5,9
1,2,4,3,3,1,74,5,70,10,50,10,2,1,0,2,1,84,4,1,4,100,5,9
2,2,2,1,1,1,74,100,85,50,85,30,2,3,1,2,1,70,2,2,15,85,5,1
1,1,1,1,1,1,74,0,0,50,0,70,6,3,4,1,1,61,1,6,NA,50,5,2
2,2,2,2,1,1,30,100,100,70,100,0,7,1,0,5,1,37,1,4,4,80,5,2
2,1,3,3,3,1,30,15,30,70,40,85,7,5,6,1,1,70,1,2,9,NA,NA,1
1,2,1,1,2,1,30,85,70,30,60,40,4,1,2,3,1,34,4,6,21,NA,NA,1
1,1,4,1,3,1,5,60,50,NA,60,40,3,3,2,1,1,38,1,7,24,50,5,2
1,1,1,1,1,1,5,70,60,30,60,30,5,3,5,3,2,85,1,2,22,40,5,9
1,1,2,2,1,1,5,60,40,40,40,70,5,1,4,4,2,55,1,4,20,50,5,9
2,1,2,2,2,1,5,60,60,60,50,70,5,1,5,2,2,32,1,6,21,85,5,9
2,1,1,1,2,1,130,85,85,0,70,30,3,1,0,2,1,44,1,7,NA,70,1,3
1,1,2,2,2,1,130,15,30,60,40,60,5,1,5,4,2,32,1,4,21,NA,NA,2
2,1,2,3,1,1,130,100,70,0,100,30,4,1,1,2,1,58,1,3,1,60,5,2
2,1,3,2,2,1,54,60,40,40,40,70,4,3,4,4,2,62,1,5,20,60,5,2
1,1,2,2,2,1,0,85,70,0,0,0,3,1,4,2,2,37,1,6,21,70,5,2
1,1,2,2,2,1,0,70,60,50,70,50,3,1,2,2,2,39,1,3,24,70,5,9
1,1,3,3,3,1,0,0,0,50,40,60,3,1,4,4,2,43,5,6,NA,50,5,9
2,1,3,3,2,1,0,50,70,60,30,70,4,3,4,1,1,57,1,3,16,50,5,7
1,1,1,1,2,1,0,90,65,15,85,30,2,1,0,2,2,25,5,7,15,75,1,9
2,1,3,1,2,1,0,70,85,30,70,40,2,5,2,4,2,44,1,7,23,85,1,1
2,1,2,2,3,1,0,85,70,0,100,30,4,1,2,1,1,91,2,1,5,85,5,1
1,1,3,1,2,1,0,85,65,15,60,50,5,3,3,4,2,35,1,6,21,50,5,2
2,1,2,2,1,1,11,15,15,60,50,60,6,5,6,2,1,27,1,7,15,50,5,1
1,1,2,1,1,1,5,15,15,85,30,70,6,3,4,3,1,36,1,7,17,40,5,1
2,1,4,3,3,1,5,85,60,60,60,85,NA,3,5,4,2,30,1,4,17,70,1,7
2,1,4,4,3,1,5,100,100,50,70,40,NA,1,2,4,1,49,1,3,17,NA,NA,9
2,1,4,4,3,1,5,70,40,0,70,70,4,3,4,2,1,31,4,2,17,85,5,9
1,2,2,2,3,1,5,100,85,50,85,50,NA,3,0,4,1,56,1,3,20,NA,NA,1
2,1,1,1,1,1,5,85,85,15,70,40,4,1,0,5,2,43,1,4,15,30,5,2
1,1,4,4,2,1,0,0,0,50,0,30,4,1,2,1,1,42,1,3,NA,60,5,9
2,2,2,2,3,1,16,60,70,30,60,40,NA,5,3,1,1,31,1,4,17,0,5,7
2,2,3,3,3,1,16,70,50,50,85,50,6,3,3,1,1,27,1,3,13,60,1,9
1,2,3,3,2,1,16,60,60,50,50,50,4,5,1,3,1,29,1,3,11,NA,NA,7
1,2,2,2,2,1,16,85,NA,15,60,15,2,1,1,2,1,43,5,4,21,NA,NA,9
2,1,2,2,3,1,8,40,15,0,60,60,NA,1,3,4,1,62,3,6,NA,50,5,3
1,1,1,2,1,1,100,85,60,15,60,60,4,1,2,2,1,43,3,5,3,85,1,2
2,1,2,2,2,1,100,70,60,60,70,40,4,1,1,2,1,68,1,4,15,30,5,2
2,1,3,2,3,1,100,60,60,0,60,15,3,1,2,2,2,42,1,4,20,85,5,9
1,1,3,3,2,1,100,70,60,60,70,70,5,3,4,4,1,32,1,4,20,60,5,2
1,1,4,3,4,1,0,60,50,50,50,60,4,3,3,2,1,40,1,3,22,60,5,2
1,1,2,2,2,1,0,60,40,60,15,15,5,1,4,5,1,35,1,6,16,50,1,7
2,1,4,2,1,1,0,70,85,70,85,85,6,5,1,2,1,76,2,7,NA,NA,5,2
2,1,2,2,2,1,20,0,40,70,40,85,4,3,5,5,1,38,1,6,24,45,5,2
1,1,2,2,2,1,20,85,60,0,70,40,5,3,5,2,2,31,1,5,23,40,5,9
1,1,1,2,1,1,20,70,50,0,50,50,5,1,4,4,1,33,1,5,20,70,5,2
1,1,3,2,3,1,0,50,15,30,50,50,4,1,4,2,2,28,1,5,24,50,5,9
2,1,4,3,2,2,628,40,30,NA,60,85,6,3,4,2,1,66,3,1,9,60,5,1
2,1,3,3,2,2,628,85,70,30,70,50,4,3,2,1,1,38,3,3,5,100,1,3
1,1,4,3,4,2,628,85,60,40,60,60,5,1,1,5,1,42,5,5,NA,70,5,2
1,2,3,3,2,2,628,85,100,NA,85,70,4,3,3,2,1,64,4,3,15,100,5,9
1,1,3,3,3,2,628,60,40,50,50,60,5,3,5,2,1,33,1,4,22,NA,NA,2
1,1,3,3,3,2,628,70,60,40,70,60,6,3,1,4,1,35,5,4,16,50,5,2
1,1,3,2,2,2,628,70,40,60,70,60,4,1,5,2,1,31,1,6,20,50,5,2
2,1,2,1,2,2,628,85,85,0,70,15,3,1,2,4,1,37,5,3,21,85,5,9
2,1,3,2,2,2,628,40,30,60,60,70,6,3,4,4,1,73,2,2,13,50,5,2
1,1,2,2,3,2,628,0,0,60,30,70,6,3,5,4,2,38,1,3,17,60,5,9
1,1,3,3,3,2,63,70,60,0,70,40,6,1,0,3,1,78,1,2,11,50,5,9
2,1,3,3,2,2,19,60,100,0,50,50,5,5,3,1,1,46,1,4,23,40,5,9
2,1,2,2,2,2,19,40,30,70,30,70,5,1,6,4,1,68,1,3,15,60,5,1
1,1,2,2,2,2,305,30,40,50,40,60,5,3,4,4,1,47,1,6,23,70,5,2
2,1,1,2,1,2,305,0,0,100,0,100,6,5,6,4,1,63,1,4,20,0,5,2
2,1,4,2,2,2,305,60,70,15,70,30,6,1,5,1,1,65,2,3,15,50,5,1
1,1,2,2,1,2,305,60,60,40,70,60,5,1,2,5,1,58,1,5,21,85,5,1
1,1,3,2,1,2,305,30,15,70,70,70,5,5,1,4,1,56,1,6,20,60,5,2
1,1,3,3,2,2,305,85,85,15,70,40,5,1,0,2,1,35,1,4,21,70,5,2
1,1,4,4,3,2,34,100,100,50,100,40,4,1,0,4,1,78,1,2,NA,70,5,2
2,1,1,1,1,2,34,15,15,70,15,85,6,3,6,4,1,30,1,6,20,40,5,1
2,2,4,3,2,2,182,85,85,NA,85,70,NA,3,2,1,1,71,2,2,4,70,5,1
1,2,1,2,1,2,182,100,85,40,85,15,2,1,0,5,1,39,3,6,17,50,5,2
2,1,4,3,3,2,182,85,85,NA,60,85,NA,3,3,4,1,45,3,2,2,NA,NA,1
2,1,1,1,2,3,9,40,40,30,40,40,5,3,5,5,2,30,5,6,22,50,5,2
1,1,3,2,3,2,13,70,60,70,60,70,NA,1,5,2,1,75,1,7,16,NA,NA,1
1,1,2,2,3,2,13,60,50,40,60,50,NA,1,1,2,1,81,1,4,15,NA,5,2
2,1,2,2,1,2,13,30,40,60,60,70,4,3,4,2,1,73,2,4,20,40,5,2
1,1,2,2,2,2,0,85,70,15,85,15,1,1,0,5,2,25,5,6,22,NA,NA,2
2,1,4,4,3,2,0,100,80,30,100,50,NA,1,0,2,1,69,2,1,4,100,5,9
1,1,1,1,1,2,0,40,50,70,40,85,4,3,5,5,1,59,1,3,21,60,5,9
2,1,1,1,1,2,0,0,0,40,15,85,6,3,6,4,1,45,1,6,20,NA,NA,1
1,1,2,2,2,2,112,0,30,60,40,70,4,1,4,1,2,76,1,4,17,70,5,1
1,1,4,3,2,2,112,60,50,50,60,40,4,5,2,2,1,23,4,3,10,50,5,1
2,1,3,3,3,2,112,85,60,50,85,40,4,1,1,2,1,36,4,3,14,60,5,7
1,1,2,2,2,2,112,40,15,50,40,70,5,5,6,3,2,67,1,3,15,30,5,9
2,1,3,3,2,2,112,15,0,70,30,60,7,3,4,2,1,57,1,3,15,30,5,1
2,1,3,3,3,2,112,100,85,0,85,40,4,3,1,5,1,22,5,4,19,NA,NA,9
1,1,NA,NA,NA,2,40,85,70,15,85,40,3,1,1,4,1,48,3,6,20,70,1,7
2,1,4,3,4,2,40,50,60,50,70,70,6,3,4,4,1,72,1,3,NA,NA,NA,1
2,1,1,1,1,2,40,30,NA,70,60,70,6,5,5,3,1,68,3,3,4,70,5,1
2,1,4,3,2,2,40,60,50,30,60,40,NA,3,1,2,1,36,1,3,16,60,5,1
2,1,3,2,3,2,40,100,100,0,100,0,4,3,2,2,2,76,1,4,NA,85,5,1
1,1,3,3,3,2,40,85,70,70,85,60,3,3,1,2,1,44,1,3,17,60,5,1
2,1,2,2,1,2,40,85,85,0,60,60,3,1,1,5,1,41,1,6,NA,70,5,2
1,1,2,2,2,2,40,30,30,50,40,70,5,3,4,4,1,28,1,5,19,45,5,9
1,1,3,3,2,2,3,100,80,15,100,60,6,1,0,2,1,74,1,3,18,70,5,1
2,1,4,3,3,2,3,70,0,0,50,50,NA,5,0,1,1,88,5,3,2,40,5,9
2,1,3,3,1,2,3,70,50,0,30,70,4,3,2,1,1,65,3,3,2,50,5,1
1,1,2,2,2,2,112,85,70,0,70,40,2,1,0,4,1,47,1,3,18,70,1,1
1,1,2,2,1,2,112,0,15,85,30,85,5,3,5,5,1,61,1,6,21,50,5,1
1,1,2,2,2,2,112,85,50,0,70,50,NA,1,1,1,1,86,1,3,21,70,5,2
2,1,3,2,3,2,112,60,50,40,60,50,4,1,1,3,2,24,5,3,11,NA,NA,2
2,1,3,3,4,2,112,0,0,70,0,60,6,3,4,4,1,56,1,3,21,0,5,7
1,1,NA,NA,NA,2,112,5,5,65,15,80,6,1,6,4,1,60,1,7,15,40,5,1
1,1,1,1,1,2,112,85,85,15,70,30,2,3,0,5,2,47,5,7,21,85,1,9
2,1,2,2,2,2,112,70,70,40,60,60,4,1,4,4,1,38,1,6,21,85,5,1
2,1,3,2,2,2,112,60,70,0,40,40,NA,5,2,4,1,37,5,4,6,40,5,2
2,1,3,2,3,2,112,30,40,50,30,70,6,3,5,4,1,33,1,6,23,50,5,1
1,1,1,2,1,2,112,30,15,85,30,85,7,3,6,5,1,31,1,6,20,15,5,1
1,1,2,1,3,2,112,85,70,40,70,30,3,3,1,4,2,40,5,7,16,85,1,9
1,1,3,3,3,3,112,70,60,60,70,85,5,3,5,4,2,26,5,4,15,60,5,2
2,1,1,2,1,2,193,15,0,40,30,70,4,3,6,3,1,65,1,7,NA,50,5,1
2,1,2,3,2,2,193,85,85,0,85,0,2,1,0,4,1,62,3,7,15,85,1,9
2,1,4,4,3,2,193,70,70,NA,70,60,4,3,2,3,2,37,3,3,8,60,5,7
1,1,3,2,1,2,193,30,60,15,85,30,6,3,6,2,1,22,5,3,17,50,5,1
2,1,1,1,1,3,193,70,60,60,50,40,5,3,1,4,1,32,1,3,21,40,5,1
2,1,4,3,4,2,24,70,40,40,70,60,5,1,1,2,1,76,1,5,14,50,5,2
1,1,3,3,3,2,24,0,0,85,15,70,6,5,6,4,2,31,5,5,10,30,5,9
1,3,3,3,2,2,24,50,15,50,40,40,4,3,1,2,1,39,3,4,22,85,1,9
1,1,3,3,3,2,32,40,30,40,30,60,5,3,6,4,1,38,1,6,22,30,5,2
2,1,3,3,1,2,11,90,90,50,90,70,NA,3,3,2,1,70,3,3,6,85,5,1
2,1,3,3,3,2,11,30,15,50,30,85,4,3,5,2,1,66,1,3,13,40,5,1
1,1,3,2,2,2,11,70,50,15,70,50,4,1,1,4,2,45,1,3,20,70,5,9
1,1,4,3,3,2,11,70,50,0,60,40,NA,3,2,3,1,66,2,3,5,60,5,9
1,1,3,3,2,2,11,15,15,60,15,60,6,1,5,1,2,38,3,5,15,50,5,9
1,1,5,2,2,2,11,60,50,50,60,70,NA,3,4,2,2,62,1,3,18,60,5,9
1,1,2,2,1,2,11,85,85,70,85,60,6,1,2,2,1,76,2,6,3,60,5,1
1,1,2,1,2,2,189,85,60,30,60,60,4,1,2,1,1,50,3,6,NA,60,5,9
1,1,1,1,1,2,189,0,0,85,30,85,6,3,6,1,1,39,6,3,6,15,5,1
1,1,5,3,4,2,189,60,60,50,50,50,NA,3,NA,2,1,46,3,2,17,60,5,2
2,1,3,3,2,2,0,60,50,NA,70,40,NA,5,6,2,1,51,3,2,11,50,5,9
1,1,3,3,1,2,0,85,70,30,85,50,4,5,1,1,1,41,1,1,19,60,5,1
1,1,3,2,2,2,0,60,40,40,60,40,NA,1,2,2,2,26,5,2,16,50,5,9
2,1,4,3,3,2,0,70,60,NA,NA,NA,NA,3,3,3,2,21,6,2,15,70,5,9
1,1,1,3,1,2,0,0,0,85,15,85,6,3,6,4,1,39,1,5,15,15,5,1
2,1,4,4,2,2,0,60,40,0,60,15,NA,3,2,4,1,41,1,4,14,85,5,9
1,1,1,2,2,2,0,0,0,70,0,70,6,3,6,2,1,40,1,5,21,15,5,1
2,1,2,2,2,2,0,15,40,60,15,85,6,5,6,4,1,40,1,3,21,30,5,1
2,1,3,3,2,2,0,100,30,15,85,15,4,3,1,2,1,41,1,4,19,50,5,2
1,1,2,2,1,2,0,85,70,15,70,40,4,1,0,4,2,49,1,4,19,50,5,9
2,1,3,3,1,2,0,15,15,30,30,85,6,3,6,2,1,38,1,3,18,50,5,1
1,1,1,2,1,2,0,85,70,30,70,40,4,1,1,2,1,48,1,3,20,50,5,2
1,1,1,1,1,2,64,15,5,75,25,75,5,1,6,5,1,26,1,5,19,75,5,7
1,2,1,1,1,2,64,85,70,15,100,30,6,1,0,4,1,24,1,4,8,70,5,7
1,1,4,3,2,2,64,70,0,NA,70,70,4,3,1,3,1,60,3,2,3,50,5,2
1,1,5,2,3,2,64,50,50,50,50,50,NA,3,3,3,2,33,3,3,18,70,5,9
1,1,4,4,4,2,12,60,50,NA,50,50,4,3,4,2,2,23,5,3,11,60,5,9
2,1,4,3,3,2,12,70,30,NA,60,30,2,5,1,4,1,91,2,2,2,NA,5,9
2,1,1,1,1,2,12,85,70,50,70,50,4,1,1,3,1,84,2,3,3,60,5,9
1,1,4,3,3,2,12,70,60,50,70,50,4,3,2,2,1,27,5,3,2,60,5,9
2,1,2,2,1,2,31,50,85,15,50,50,4,3,5,1,1,72,1,3,16,70,5,1
1,1,1,1,1,3,31,40,40,60,50,70,7,3,6,4,1,42,1,6,16,40,5,1
1,1,1,2,1,2,31,15,0,70,30,85,6,3,4,4,1,43,1,4,21,15,5,1
1,1,4,3,3,2,31,50,0,40,50,50,NA,3,NA,5,1,36,1,3,19,40,5,1
1,1,1,1,1,2,31,100,85,0,70,30,3,1,1,4,1,48,1,6,21,70,5,2
2,1,4,3,3,2,31,85,60,0,60,15,3,1,1,4,2,29,1,6,15,60,5,9
1,1,3,3,1,2,173,50,NA,90,60,90,6,3,6,2,1,59,3,3,6,NA,NA,1
2,1,2,2,2,2,173,30,0,60,30,70,4,3,6,5,1,21,5,3,8,30,5,7
1,1,4,3,2,2,173,0,30,NA,NA,NA,2,3,NA,1,1,37,3,3,11,NA,5,7
2,1,3,3,2,2,173,50,15,NA,70,60,4,5,0,1,1,53,2,3,13,60,5,1
1,1,3,3,2,2,173,70,30,30,NA,NA,NA,1,3,1,1,71,3,3,12,50,5,1
2,1,3,3,3,2,173,100,100,100,100,100,4,1,5,NA,2,70,2,4,5,NA,5,2
1,1,2,2,2,2,0,0,0,85,15,70,4,3,6,4,1,41,1,7,24,NA,5,2
2,1,3,2,2,2,0,60,60,60,70,85,6,5,6,2,1,66,1,4,16,60,5,1
1,1,1,1,1,2,173,0,0,100,30,100,6,3,6,2,1,49,1,7,18,70,5,1
1,1,2,2,3,2,0,0,0,50,40,70,6,3,4,3,1,62,3,6,NA,40,5,2
1,1,3,2,3,2,0,NA,NA,NA,60,NA,4,5,1,3,1,46,1,5,16,50,5,2
1,1,2,2,2,2,0,70,60,15,60,40,4,1,1,4,1,34,1,4,18,50,5,1
1,1,1,2,1,2,0,0,0,65,40,40,5,5,4,5,1,58,1,5,19,70,5,1
2,1,3,2,3,2,0,60,70,50,50,85,4,3,5,2,1,42,1,5,21,50,5,1
2,1,3,3,3,2,0,0,0,85,0,85,6,3,6,2,1,64,1,3,17,0,5,1
1,1,2,2,3,2,0,70,50,30,70,60,3,3,2,3,2,42,3,5,14,60,5,9
1,1,3,3,2,2,0,0,15,60,40,60,NA,1,4,4,1,65,3,3,16,50,5,9
1,1,3,2,2,2,0,15,0,50,50,60,NA,3,5,2,1,70,1,3,15,30,5,1
1,1,4,3,2,2,22,70,70,0,60,0,NA,1,2,1,1,42,3,3,16,60,5,9
2,1,3,3,3,2,22,51,55,10,48,30,5,1,2,4,1,43,1,7,20,60,1,2
1,1,3,2,3,2,22,30,30,40,30,40,5,3,1,2,1,40,1,6,18,40,5,2
1,1,3,2,2,2,22,0,0,70,15,85,6,5,6,2,2,21,5,4,16,15,5,9
1,1,2,2,2,2,4,60,60,50,70,60,NA,3,0,2,1,41,1,3,21,70,5,7
1,1,3,3,3,2,4,85,60,40,85,0,NA,3,2,1,1,45,1,5,NA,75,1,9
1,1,2,2,2,2,4,0,15,100,30,70,5,3,5,1,1,64,1,6,20,50,5,2
1,1,2,2,3,2,4,0,15,60,15,85,6,3,6,4,1,39,1,7,NA,50,5,1
1,1,3,3,3,3,22,0,0,70,40,70,NA,5,4,1,1,46,1,4,19,15,5,1
2,1,3,3,3,3,22,50,15,30,70,70,NA,3,5,1,1,64,1,2,11,30,5,9
2,1,4,3,3,2,0,70,60,0,50,50,4,3,2,1,1,63,2,2,5,50,5,1
1,1,2,2,2,3,0,85,70,15,70,60,3,1,0,2,1,25,4,5,16,50,5,1
1,1,2,2,2,3,3,15,0,0,60,50,5,1,5,2,1,52,1,7,21,60,5,2
2,1,2,2,3,3,3,30,30,60,30,85,5,3,6,4,1,50,1,4,21,70,5,1
1,2,4,3,3,2,70,50,60,NA,50,60,NA,3,5,2,1,21,5,2,1,NA,NA,1
1,2,4,3,3,2,70,70,85,60,60,50,5,3,3,1,1,41,1,3,17,NA,NA,1
1,2,3,2,2,2,70,70,70,NA,85,50,6,1,5,5,1,45,1,4,NA,85,5,7
2,2,4,3,3,2,70,70,70,50,85,50,NA,3,0,1,1,22,5,4,7,NA,NA,1
1,1,1,2,2,2,14,30,10,30,30,90,6,1,6,2,1,34,1,6,20,70,5,2
2,1,2,2,1,2,14,0,0,85,0,100,7,5,6,5,1,71,3,3,NA,50,5,1
1,1,1,2,1,2,14,85,85,15,85,40,2,1,0,2,1,40,3,6,15,50,5,1
2,1,3,3,1,2,14,70,40,30,70,70,5,1,4,2,1,72,1,3,NA,50,5,1
2,1,2,2,2,2,9,85,85,40,85,60,NA,3,3,2,1,77,1,4,16,60,5,1
2,1,4,3,2,2,9,60,50,30,85,30,NA,5,0,2,2,50,5,3,12,50,5,9
1,1,1,2,1,2,7,85,70,60,70,60,NA,1,0,2,1,54,1,3,NA,75,5,2
2,1,3,2,2,2,7,86,60,70,70,50,NA,5,3,2,1,65,3,4,16,70,1,1
2,1,4,3,3,2,7,60,40,40,60,60,4,3,4,2,1,60,1,3,21,40,5,1
1,1,2,2,1,2,7,85,70,15,50,50,5,1,2,4,1,52,1,3,NA,60,5,1
2,1,3,2,3,2,7,60,40,60,40,70,6,3,5,3,1,30,1,4,20,70,5,2
2,1,3,3,3,2,0,48,50,75,40,90,5,5,6,2,1,87,2,3,12,50,5,9
1,1,1,2,1,2,0,70,70,40,50,85,6,3,6,5,1,36,1,3,17,15,5,1
2,1,3,3,1,2,0,30,15,50,40,70,5,3,5,3,1,35,1,3,NA,50,5,2
2,1,2,2,2,3,0,85,85,NA,70,50,3,3,1,2,1,65,1,2,15,85,5,1
2,1,2,2,3,3,0,100,100,0,100,0,4,3,0,4,1,70,1,2,13,60,5,9
1,2,5,4,5,3,266,100,100,85,100,85,6,1,0,2,1,38,1,3,20,75,NA,7
1,1,2,2,1,3,266,60,15,40,60,70,4,5,1,2,1,50,3,4,17,50,5,1
2,2,2,2,2,3,266,85,85,NA,85,30,3,1,0,4,1,26,1,4,13,100,5,1
1,2,2,3,2,3,33,100,100,60,85,60,4,1,0,2,1,70,1,2,10,100,5,7
1,2,1,3,1,3,33,70,60,50,85,85,4,3,3,5,1,69,3,2,4,85,5,1
1,1,2,2,1,3,3,100,85,60,85,50,5,1,1,4,1,48,3,3,2,85,5,1
2,1,3,3,1,3,40,15,0,70,15,85,5,3,5,4,1,64,1,3,17,70,5,2
1,1,1,1,1,3,40,15,0,70,30,70,6,3,6,4,1,34,1,7,21,30,5,1
2,1,1,1,1,3,4,30,40,100,0,85,5,3,6,4,1,87,2,6,18,85,5,1
2,1,2,3,3,3,4,0,0,90,25,80,6,3,5,2,1,37,1,4,22,65,5,1
2,1,4,2,5,3,4,70,70,50,60,80,4,1,5,4,1,39,1,7,18,60,5,1
2,1,1,1,1,3,4,70,100,30,70,40,4,3,2,5,1,32,1,6,22,70,5,1
2,1,4,3,3,3,25,85,85,40,100,30,NA,1,0,2,1,72,1,2,NA,70,5,1
1,2,5,5,3,3,0,85,85,NA,85,70,5,5,4,2,1,34,1,2,NA,85,5,3
1,2,4,3,3,3,0,85,70,15,85,30,3,3,0,2,1,46,1,3,19,60,5,1
2,2,3,3,3,3,0,100,85,0,50,50,NA,3,2,3,1,26,5,3,6,85,5,1
2,2,3,3,4,3,179,70,70,50,85,30,NA,3,0,1,1,35,2,4,10,NA,NA,1
1,2,4,3,3,3,179,60,60,NA,85,0,5,1,0,4,1,51,3,2,3,70,5,1
1,1,4,3,3,3,179,85,100,40,100,40,NA,3,0,1,2,85,2,1,4,70,5,9
2,2,4,3,3,3,179,30,50,50,60,60,NA,3,4,5,1,26,5,2,1,100,1,9
2,2,5,4,4,3,179,60,0,NA,NA,NA,5,5,1,1,1,24,5,2,1,NA,NA,7
1,2,3,3,3,3,179,85,100,40,50,70,4,3,3,3,1,31,5,4,1,100,5,7
2,1,4,3,3,3,179,70,70,50,100,85,NA,3,1,2,1,66,3,3,3,100,5,1
2,2,3,3,3,3,179,85,70,70,85,75,NA,5,1,2,1,57,1,2,12,60,5,1
2,2,4,3,3,3,179,85,85,60,85,60,4,3,1,4,1,33,1,3,16,85,5,1
2,1,2,2,3,3,179,80,90,75,80,85,5,3,5,4,1,44,1,7,NA,80,5,2
1,2,2,2,2,3,179,100,100,0,85,50,2,1,0,4,1,44,1,5,19,85,1,2
1,2,5,3,3,3,179,50,50,50,50,50,NA,1,3,1,1,37,1,3,16,50,5,7
2,1,3,3,2,3,179,70,70,0,70,60,NA,3,1,1,1,42,1,6,NA,60,5,2
2,1,4,3,3,3,1,60,30,NA,60,50,4,5,0,2,1,37,1,3,18,85,5,2
2,1,3,3,3,3,1,60,60,40,60,40,4,5,2,2,1,65,3,4,9,85,5,7
2,2,4,3,3,3,359,70,60,50,85,50,4,5,0,1,1,35,1,4,16,60,5,7
2,1,2,3,2,3,93,85,100,30,85,30,2,3,0,4,1,39,5,4,14,100,5,1
2,1,3,3,3,3,93,50,50,60,70,85,4,1,3,3,1,36,1,4,21,85,5,9
1,1,2,2,2,3,93,70,85,0,60,30,1,1,1,1,NA,41,5,6,14,85,1,3
1,1,2,3,3,3,359,60,45,72,40,65,5,3,4,1,2,46,5,6,21,50,5,9
2,2,4,3,3,3,359,60,60,30,60,50,5,1,1,2,1,31,1,4,NA,50,5,1
1,1,2,3,1,3,359,100,85,50,100,40,4,1,0,4,1,34,5,4,19,60,5,2
2,1,5,3,4,3,0,85,85,50,50,50,4,3,3,3,2,21,5,2,19,70,5,2
2,1,5,3,5,3,49,85,60,NA,70,30,5,3,2,1,1,36,1,3,20,90,1,2
2,2,3,2,1,3,635,50,70,50,50,85,7,5,4,1,1,33,5,3,3,NA,NA,1
1,2,4,3,2,3,635,85,85,50,60,30,NA,1,0,4,1,59,1,3,21,NA,NA,2
2,2,4,4,2,3,635,100,100,40,100,0,5,3,0,1,1,68,3,6,1,70,5,1
1,1,4,4,4,3,635,100,85,NA,100,0,4,1,1,3,1,55,1,2,13,50,5,7
1,1,2,2,2,3,635,70,60,0,60,30,5,1,3,2,1,33,1,4,21,60,5,9
2,1,3,2,3,3,635,50,40,40,50,50,NA,5,1,3,1,35,1,5,19,50,5,9
1,1,4,3,3,4,635,30,50,NA,30,85,NA,5,4,1,1,41,1,2,16,70,5,9
1,1,2,2,2,3,635,70,30,60,60,55,3,1,1,4,2,25,5,5,1,90,5,1
1,2,1,1,1,3,635,85,70,40,60,60,5,3,4,5,1,37,1,7,22,50,5,1
2,1,2,2,1,3,635,0,0,100,0,100,6,5,6,2,2,40,5,3,18,40,5,1
1,1,2,2,2,3,635,85,70,40,85,30,4,1,0,2,1,24,3,6,16,NA,NA,2
1,1,3,3,3,3,635,70,70,15,60,60,4,3,4,1,1,56,1,3,20,NA,NA,7
2,1,2,2,3,3,635,30,40,15,40,60,5,3,4,4,1,63,3,7,20,85,5,1
2,2,2,1,2,3,635,70,85,30,70,70,4,1,1,1,1,50,1,5,20,70,5,7
2,3,3,3,3,3,635,85,60,30,70,60,NA,1,5,2,1,49,1,5,22,65,5,7
2,2,4,4,4,3,635,100,100,NA,85,50,4,3,1,3,1,35,2,3,1,NA,NA,7
2,1,3,3,2,3,635,100,100,0,85,0,4,1,1,1,1,31,5,3,6,50,5,7
2,2,2,2,2,3,635,85,70,15,70,60,3,1,0,2,1,55,2,5,8,NA,5,7
2,2,3,3,4,3,635,100,70,50,100,50,NA,1,1,2,1,28,5,4,1,85,5,7
1,1,4,4,2,3,635,85,85,NA,70,85,6,3,5,4,1,40,5,3,3,85,5,1
2,2,3,3,2,3,635,100,50,30,70,70,4,1,1,2,1,30,5,5,15,100,5,1
1,1,3,3,3,3,635,30,0,70,40,70,4,1,5,2,1,51,3,3,18,50,5,1
2,1,2,2,2,3,635,60,70,30,70,70,4,3,1,1,1,24,1,3,19,85,5,1
1,1,3,2,2,3,4,70,85,60,70,60,4,1,0,1,1,84,1,4,18,70,5,2
2,1,3,3,3,3,4,85,85,0,60,60,4,3,3,5,1,40,1,3,19,85,1,1
1,3,NA,NA,NA,4,4,25,25,50,50,50,5,1,4,5,1,54,1,4,19,50,5,1
2,1,3,3,4,3,4,85,70,40,85,50,3,1,1,2,1,53,3,3,13,50,5,2
2,1,1,1,1,3,4,0,0,85,0,85,6,3,6,3,1,83,3,5,6,50,5,1
2,1,2,2,2,3,4,40,40,85,60,85,5,3,4,2,1,58,1,7,18,50,5,2
2,1,1,2,1,3,4,85,70,0,85,15,2,1,0,1,1,46,1,4,19,50,5,9
2,1,3,3,3,3,71,40,50,70,60,85,NA,3,6,3,1,84,2,4,7,60,5,2
2,1,2,2,2,3,71,60,60,50,40,70,5,5,4,4,1,69,1,6,NA,70,5,1
2,1,3,3,3,3,71,85,85,60,100,70,2,1,0,3,1,68,1,4,14,70,5,3
1,1,2,2,2,3,71,100,100,0,70,40,2,1,0,4,1,79,1,3,14,60,5,1
2,1,2,3,2,3,71,15,0,85,0,85,4,3,6,2,1,76,2,3,21,15,5,2
1,1,2,2,3,3,71,30,30,50,30,60,4,3,5,2,1,69,1,3,11,50,5,1
1,1,1,1,2,3,71,15,15,85,40,70,6,1,6,5,1,49,1,7,20,30,5,1
2,1,3,3,2,3,71,100,100,NA,50,50,NA,1,1,2,1,37,1,5,16,85,5,1
2,1,2,3,2,3,71,40,15,60,40,70,6,5,6,2,1,41,1,3,15,75,5,7
2,1,3,3,2,3,0,100,100,60,100,100,NA,3,1,1,1,67,3,2,2,30,5,1
1,1,3,2,2,3,0,30,15,0,70,50,6,5,2,2,1,47,1,5,21,85,5,1
1,1,4,4,5,3,0,70,70,15,NA,30,NA,1,0,5,1,70,1,1,7,30,5,1
2,1,2,3,1,3,0,60,60,50,60,70,NA,3,5,2,1,40,1,2,15,85,5,7
1,1,1,1,1,3,0,35,45,60,45,55,5,3,4,3,1,76,5,7,8,NA,NA,2
1,1,3,3,3,3,0,70,70,60,70,60,5,3,1,2,1,62,3,4,10,70,5,1
1,1,3,2,2,3,0,15,0,70,50,70,6,1,5,2,2,71,1,6,NA,40,5,1
1,1,3,2,2,3,0,70,60,15,50,50,3,1,2,1,2,42,5,3,22,70,5,2
2,1,4,3,3,1,0,70,70,50,30,15,5,5,2,1,1,26,4,5,NA,85,5,2
2,1,3,3,3,3,0,100,60,0,100,30,NA,1,0,2,1,63,3,1,2,100,5,9
2,2,5,4,5,3,0,70,NA,NA,70,0,NA,5,3,1,1,36,2,3,10,90,5,9
2,1,4,4,3,3,0,85,85,NA,60,50,NA,5,2,1,2,55,3,1,8,60,5,1
1,1,4,4,4,3,0,15,15,NA,40,70,NA,5,4,1,1,23,1,2,15,50,5,1
1,1,3,3,3,3,0,30,30,70,40,60,5,3,5,1,1,68,3,3,4,30,5,1
2,1,5,3,4,3,0,50,15,NA,NA,NA,NA,3,4,NA,1,82,2,1,8,NA,5,9
2,1,3,3,3,3,0,0,0,NA,0,70,7,1,1,4,1,79,2,2,16,15,5,1
1,1,2,3,1,3,0,100,100,0,85,40,3,1,0,3,1,49,3,7,7,60,5,1
2,1,4,3,3,3,3,85,85,50,85,60,4,1,0,3,1,32,3,3,3,85,5,2
1,1,3,3,3,3,3,85,85,60,85,60,5,3,0,4,1,77,1,6,16,50,5,1
1,1,3,3,3,3,3,85,70,40,70,70,2,3,1,4,1,43,1,7,16,15,5,1
1,1,3,3,3,3,29,100,100,60,100,0,4,1,0,5,1,58,1,1,16,85,5,7
1,1,4,3,4,3,29,50,50,50,50,60,2,3,5,3,2,24,5,3,13,NA,NA,2
1,1,3,3,3,3,29,85,NA,50,70,85,5,3,2,1,2,25,1,5,14,85,5,9
2,1,3,3,3,3,84,85,70,15,85,30,3,1,1,2,1,26,5,6,12,70,5,9
1,1,1,1,1,3,84,85,100,40,60,40,4,1,1,4,2,67,1,2,7,NA,5,2
2,1,3,3,3,3,84,100,100,30,100,70,4,3,0,2,1,51,1,3,18,NA,NA,1
1,1,3,3,3,3,33,100,70,0,100,15,NA,1,0,2,1,47,1,1,4,80,5,2
2,1,2,2,1,2,8,30,30,60,40,70,6,3,5,4,1,67,2,6,16,60,5,1
1,1,1,2,2,3,8,85,85,0,100,30,2,3,0,3,2,78,1,3,12,85,5,2
2,1,4,4,3,3,0,70,85,NA,70,60,NA,3,1,2,1,53,1,3,12,85,5,2
2,1,3,2,3,3,0,0,0,70,40,85,6,3,6,2,1,41,1,4,24,85,5,9
1,1,4,3,3,3,0,70,60,50,85,60,NA,3,1,3,2,30,1,3,8,50,5,9
2,1,3,3,3,3,0,100,100,60,100,85,NA,1,0,1,1,61,1,1,11,85,5,2
1,1,4,3,2,3,0,85,85,50,100,50,NA,3,2,5,1,25,5,2,2,85,5,1
1,1,3,3,3,3,0,100,85,70,60,85,NA,1,4,4,2,21,1,2,1,NA,NA,1
1,1,3,3,3,3,30,60,60,40,85,85,NA,5,2,2,1,35,5,3,14,85,5,2
2,1,2,3,2,3,30,85,70,0,85,60,2,1,0,4,1,38,1,5,14,86,1,9
1,1,3,2,2,3,30,85,70,50,85,55,4,3,1,4,1,21,5,4,12,85,5,1
1,1,1,1,1,1,104,0,0,100,15,85,6,5,6,5,1,25,5,6,20,15,5,1
1,2,3,3,3,3,104,100,85,40,100,85,NA,3,0,1,1,46,1,3,4,100,5,9
2,2,3,3,3,3,104,85,70,30,100,40,4,3,2,3,1,30,5,3,4,60,5,1
2,1,4,3,4,3,104,60,40,15,85,15,3,3,1,4,1,39,3,5,9,NA,NA,9
2,1,4,3,3,3,104,70,70,50,60,50,NA,3,3,2,1,38,4,3,14,50,5,2
2,1,4,3,3,3,104,30,0,0,60,30,NA,5,1,5,1,70,2,2,8,75,5,1
2,2,4,4,3,3,104,85,70,NA,40,40,NA,1,4,2,1,34,3,2,5,85,5,7
2,2,4,3,3,3,104,85,85,NA,100,0,4,1,0,3,1,42,3,5,1,100,5,1
2,2,3,4,3,3,104,100,85,0,100,50,4,3,0,2,1,44,5,3,4,60,5,9
1,2,5,5,3,3,104,100,100,70,85,70,7,1,6,5,1,35,4,2,3,70,5,3
1,2,5,4,3,3,104,85,70,NA,85,60,5,1,1,2,1,77,3,4,1,85,5,1
2,2,2,2,3,3,104,100,100,30,100,60,6,3,0,5,1,61,1,3,NA,85,5,9
2,2,3,4,4,3,104,100,100,NA,100,50,NA,3,1,2,1,28,5,3,2,NA,NA,1
1,1,2,2,2,3,9,50,0,50,40,50,4,5,4,3,1,37,5,6,18,15,5,7
1,1,2,2,2,3,9,0,0,85,15,85,6,3,6,2,1,70,1,6,20,15,5,1
2,1,2,2,2,3,9,0,0,85,15,85,5,3,5,4,1,79,2,7,16,70,5,1
1,1,3,3,3,3,9,70,50,15,60,40,3,1,2,3,1,40,1,6,20,50,5,2
1,1,2,2,2,3,9,30,15,40,40,60,6,1,5,4,1,66,1,6,22,60,5,1
1,1,2,2,2,3,9,60,60,40,60,50,5,1,0,5,1,75,1,6,17,70,5,1
2,1,3,3,3,3,9,40,30,50,40,60,6,3,5,4,1,41,1,4,17,40,5,1
1,2,3,3,2,3,2,90,90,NA,95,80,2,3,0,1,1,43,1,4,21,70,5,1
2,4,3,3,3,3,2,55,50,60,60,60,6,3,4,4,1,50,1,6,21,50,5,1
2,1,3,3,3,3,2,40,50,60,40,60,4,3,4,2,1,72,1,3,17,60,5,2
2,1,4,4,3,3,2,100,85,15,100,40,3,1,1,4,1,62,1,3,10,NA,NA,9
2,1,5,3,3,3,2,50,40,NA,50,50,NA,3,2,5,2,27,3,6,16,70,5,9
1,1,3,3,3,3,2,50,60,30,50,50,4,3,3,3,1,52,3,3,10,85,5,1
1,1,2,2,1,3,2,85,90,8,65,35,2,1,2,4,2,28,5,4,18,85,1,7
2,1,4,3,4,3,2,50,50,50,60,50,NA,3,4,3,1,24,3,4,16,NA,NA,9
1,1,3,2,3,3,2,60,50,50,60,60,4,3,3,3,2,35,1,5,6,100,5,9
2,1,3,2,2,3,2,85,60,30,85,50,NA,1,0,5,1,25,5,5,12,70,5,1
1,1,4,3,3,3,2,15,60,30,40,70,4,3,4,1,1,22,5,4,20,NA,NA,1
1,2,4,4,3,3,2,98,80,NA,85,30,7,5,0,2,1,62,3,3,16,85,5,1
1,1,3,3,3,3,2,85,85,50,70,70,6,1,5,5,1,59,1,4,20,85,5,1
2,2,4,3,3,3,2,85,85,60,100,70,4,1,0,4,1,47,3,3,15,85,5,1
2,2,3,3,2,3,2,85,85,30,60,50,4,1,1,5,1,43,1,5,17,60,5,1
1,1,3,3,3,3,9,50,50,40,50,50,4,3,4,4,1,57,1,6,16,50,5,1
2,1,3,2,2,3,9,70,70,70,70,85,4,1,5,4,1,36,1,4,23,60,5,1
2,1,2,2,2,3,9,60,60,40,60,70,6,3,5,2,1,36,3,6,21,50,5,1
2,2,3,3,2,3,9,100,85,NA,85,0,NA,3,0,2,1,59,1,5,18,0,5,7
2,1,1,3,2,3,9,0,0,60,25,80,6,3,6,2,1,35,1,7,21,20,5,1
2,1,3,3,3,3,9,60,70,50,70,50,4,1,1,4,1,27,1,3,16,60,5,9
1,1,3,3,3,3,9,15,15,70,15,85,NA,3,5,2,2,48,1,3,21,40,5,9
2,1,5,3,5,2,0,60,60,30,60,50,NA,3,1,2,1,67,1,3,9,60,5,1
2,1,4,3,4,2,0,85,60,50,60,50,NA,3,1,4,1,67,2,3,6,70,5,1
2,1,4,3,3,2,0,85,70,30,85,50,NA,1,2,2,1,68,2,3,10,100,5,1
2,1,2,3,2,2,0,60,60,50,50,60,4,3,1,3,2,48,1,3,19,50,5,9
2,1,5,3,3,2,0,60,40,30,60,30,NA,3,1,4,2,41,1,2,18,50,5,9
1,1,5,3,5,2,0,85,50,0,85,60,NA,3,1,2,2,46,1,3,20,50,5,1
1,1,2,3,2,3,35,0,0,0,15,85,6,3,6,2,1,42,1,4,16,40,5,2
2,1,3,3,1,3,35,85,85,50,100,60,3,1,0,2,1,71,2,2,5,70,5,1
2,1,3,3,3,3,35,60,60,15,40,40,4,3,0,4,1,69,5,3,4,60,5,2
1,1,4,3,3,3,3,85,50,10,70,30,NA,5,1,4,1,82,2,2,11,40,5,2
2,1,5,3,3,3,0,50,30,NA,50,50,4,5,3,1,1,34,5,3,4,60,5,1
1,1,4,3,4,3,0,60,60,60,60,60,4,3,5,2,1,47,1,3,13,60,5,1
1,1,2,2,1,3,27,30,30,85,30,70,NA,3,4,4,1,20,5,4,16,80,5,1
2,1,4,3,3,3,27,70,85,0,50,50,NA,3,NA,1,2,31,1,3,15,50,5,9
1,1,5,3,3,3,165,60,50,NA,60,60,5,5,5,1,NA,28,4,3,13,70,5,1
1,1,3,2,2,3,165,85,72,40,55,55,3,1,1,4,1,41,1,6,20,57,5,3
2,1,NA,NA,NA,3,165,70,70,NA,NA,NA,NA,1,3,2,1,62,2,1,NA,NA,NA,1
1,1,1,1,1,3,165,70,70,15,70,30,1,1,0,5,2,49,5,6,11,85,5,9
1,1,2,2,1,3,165,85,85,15,60,40,3,1,2,2,1,35,5,6,13,NA,NA,3
2,1,4,3,3,3,165,0,0,70,15,70,NA,5,5,2,1,64,1,3,16,40,5,1
2,1,2,1,1,3,165,85,70,15,100,30,2,1,0,4,2,34,3,6,17,85,1,1
2,1,1,1,2,3,165,15,50,40,30,70,4,3,5,2,2,34,5,6,16,NA,NA,1
2,1,4,3,3,3,165,85,70,70,70,60,4,1,1,2,1,23,5,4,16,85,5,1
2,1,3,1,2,3,165,60,40,70,40,85,6,5,6,5,1,35,1,4,20,70,5,1
1,1,1,2,1,3,0,0,15,70,15,60,5,3,4,5,1,44,1,6,23,60,5,1
1,1,1,2,1,3,0,100,85,30,85,30,4,3,0,2,1,42,5,7,18,70,1,1
2,1,3,2,2,3,0,30,30,40,40,70,5,3,4,2,1,37,1,5,18,60,5,1
2,1,3,3,3,3,0,70,85,60,70,85,NA,3,5,2,1,41,1,6,21,70,5,1
1,1,3,3,2,3,3,40,0,50,15,85,5,3,5,2,1,67,5,3,15,60,5,1
2,1,2,3,1,3,3,70,70,40,60,40,3,1,2,3,1,47,1,3,21,85,5,9
1,1,4,3,4,3,0,50,50,0,50,50,NA,1,NA,1,2,66,3,3,NA,NA,NA,9
2,2,3,3,3,3,0,60,65,10,70,90,4,3,6,2,1,65,3,4,7,85,5,1
2,2,3,2,3,3,0,70,70,50,85,40,NA,3,0,2,1,25,5,6,17,70,5,1
2,1,2,2,2,3,0,60,15,40,40,60,3,3,6,4,1,45,1,6,24,70,5,1
2,1,3,2,2,3,0,40,50,60,40,70,6,3,5,2,1,43,1,6,24,60,5,2
1,1,1,1,1,3,0,15,15,85,15,70,6,5,6,5,1,37,1,6,4,0,5,1
2,1,3,2,3,3,0,0,0,85,15,70,6,1,6,4,1,36,1,6,24,15,5,1
1,1,1,1,2,1,0,5,5,60,35,65,5,3,4,4,2,41,1,7,NA,50,5,1
2,1,1,1,1,3,0,60,50,60,60,40,3,3,1,4,1,34,1,6,22,70,5,2
1,1,2,2,2,3,0,0,0,65,35,65,7,5,4,1,2,73,1,6,24,35,5,9
1,1,2,2,2,3,0,20,20,80,40,75,5,1,6,4,1,50,1,4,24,60,5,2
2,1,1,1,1,3,0,0,0,70,70,40,6,1,6,4,1,51,3,7,22,50,NA,2
2,1,1,1,1,3,0,85,85,15,85,30,2,3,0,2,2,35,1,7,17,85,1,1
2,2,3,3,1,3,0,85,85,40,85,50,NA,3,0,1,1,38,4,5,16,70,5,1
2,1,3,3,2,3,0,70,60,40,60,40,4,3,0,3,1,67,2,1,11,85,5,1
2,1,2,3,3,3,0,0,15,50,15,60,5,5,2,2,1,32,1,3,13,NA,NA,1
1,1,1,1,1,3,203,0,0,85,0,100,7,3,6,5,2,26,5,6,15,40,5,9
2,2,3,2,2,3,203,100,100,0,100,9,NA,NA,0,1,1,76,2,2,NA,100,5,1
2,1,3,3,2,3,203,70,40,NA,85,40,5,5,1,2,1,56,2,4,8,50,5,1
1,1,4,2,4,3,203,85,NA,NA,NA,NA,NA,3,NA,2,1,38,1,5,NA,50,5,9
2,2,3,3,2,3,203,70,60,NA,70,70,NA,NA,1,4,1,37,3,3,16,85,5,1
2,2,3,3,3,3,203,85,85,60,85,70,7,3,2,2,1,56,3,3,10,NA,NA,7
1,2,1,1,1,3,203,100,85,60,85,15,5,1,2,2,1,68,1,3,14,85,5,7
1,2,3,3,3,3,0,NA,NA,NA,NA,NA,NA,5,3,NA,1,57,1,3,NA,70,5,9
2,1,2,2,3,4,516,15,15,60,50,85,4,3,4,4,1,60,3,4,18,60,1,1
2,1,3,2,3,4,516,85,45,15,60,45,2,3,1,4,2,32,1,3,21,70,5,9
1,1,3,3,3,4,26,0,15,85,30,70,5,3,6,1,1,54,3,6,21,50,5,9
2,1,3,3,3,4,42,70,60,40,30,50,3,3,2,2,2,40,3,3,17,100,1,9
1,1,2,2,2,4,42,70,40,40,75,55,3,1,1,2,1,34,1,4,21,60,5,2
2,1,3,3,3,4,42,70,60,70,60,60,4,1,5,3,2,27,1,6,17,60,5,9
1,1,2,2,3,4,42,70,60,50,50,60,4,3,4,3,1,28,5,7,17,50,5,2
2,1,2,2,2,4,45,80,85,25,70,50,3,1,0,3,2,72,3,4,14,NA,NA,9
1,1,3,3,2,4,45,0,0,100,30,100,6,3,6,2,1,34,1,3,16,40,5,7
2,1,3,2,3,4,70,85,70,40,85,60,5,1,0,2,1,45,1,6,22,60,5,1
2,1,3,3,2,4,10,85,70,0,70,60,4,1,2,4,1,74,2,3,14,70,5,1
2,1,3,3,3,4,10,70,60,40,60,50,NA,3,2,2,1,54,1,5,17,60,5,9
2,1,3,2,2,4,10,85,65,0,85,40,2,3,0,2,1,32,1,5,20,50,5,9
2,1,2,2,1,4,10,15,15,100,30,85,6,3,5,5,1,56,1,4,20,0,5,1
1,1,3,3,3,4,10,15,15,60,40,60,6,3,5,5,1,38,1,3,16,70,5,1
2,1,5,4,4,4,55,85,70,NA,85,60,NA,5,1,1,1,42,4,3,16,70,5,9
2,1,4,2,3,4,55,0,50,50,50,50,3,3,2,4,1,42,1,5,18,NA,NA,1
1,1,3,3,2,4,55,0,0,50,50,50,5,5,5,2,1,31,1,3,16,50,5,1
1,1,3,3,2,4,468,50,50,40,60,40,5,5,0,4,1,76,2,4,12,50,5,1
1,1,2,2,2,4,468,15,30,50,40,60,6,5,5,2,1,70,3,4,11,30,5,9
2,2,3,2,3,4,468,40,50,35,40,40,4,5,3,4,2,38,1,6,18,30,5,7
1,2,4,3,3,4,468,60,60,30,40,40,5,1,2,2,2,29,1,3,19,70,5,9
1,2,3,3,3,4,468,65,70,35,75,65,4,1,1,4,1,50,1,6,21,50,5,9
2,1,2,2,2,4,468,85,75,20,70,65,5,1,5,4,2,27,5,6,17,80,5,9
1,1,4,4,2,4,468,70,85,50,60,50,5,1,1,5,2,61,3,3,13,85,1,1
1,2,1,1,3,4,468,79,70,45,65,60,4,1,1,2,2,42,1,6,20,70,5,7
2,2,2,2,2,4,468,100,100,50,100,40,4,1,0,5,1,39,5,3,15,100,5,1
1,1,3,3,4,4,468,5,0,5,0,0,5,5,3,1,1,24,5,3,11,10,5,9
1,1,3,3,4,4,222,60,40,60,60,85,NA,3,5,4,1,53,1,3,18,50,5,9
2,1,2,2,2,4,222,30,15,60,30,60,4,3,6,2,1,31,1,6,22,60,5,1
2,1,2,2,2,4,222,70,70,30,50,50,4,5,3,2,1,47,1,5,21,50,5,9
1,1,1,1,1,2,222,0,0,85,0,60,4,3,6,2,1,38,1,6,21,30,5,1
2,1,3,2,2,4,29,100,85,60,85,70,NA,5,2,4,1,61,1,3,12,70,5,9
1,1,2,2,1,4,29,100,85,NA,100,90,4,3,1,3,1,79,3,1,9,85,5,2
2,1,4,3,2,4,29,60,50,50,60,40,6,3,3,4,1,44,3,6,15,50,5,2
2,1,2,1,2,4,83,75,85,5,70,40,2,1,1,4,2,56,1,7,24,60,5,9
1,1,1,1,2,4,83,60,60,60,70,60,2,3,2,4,1,45,1,5,24,70,5,9
2,1,2,2,1,4,83,30,60,60,50,60,4,3,3,4,1,24,1,6,21,40,5,2
2,1,1,1,1,4,83,85,85,15,85,15,3,3,0,2,1,29,1,6,14,85,1,9
1,1,1,1,1,4,83,70,60,0,60,15,3,1,1,4,1,40,5,4,14,85,5,1
2,1,1,1,1,4,83,90,85,15,90,10,2,1,0,4,2,33,1,6,4,60,5,9
2,1,1,1,1,4,83,70,100,0,85,30,3,1,0,5,2,47,5,7,11,90,1,1
1,1,2,2,2,4,83,70,40,15,60,60,3,1,1,4,2,28,6,6,1,60,5,3
1,1,2,2,2,4,83,65,65,0,65,15,1,1,2,2,1,43,1,6,19,70,5,2
1,1,2,1,3,4,83,60,70,30,70,30,3,3,2,4,2,27,5,7,19,50,5,9
2,1,3,3,3,4,51,85,85,0,60,0,2,3,1,3,1,41,5,3,16,60,5,9
2,1,NA,NA,NA,4,51,15,15,85,40,70,6,3,6,2,1,49,2,3,18,15,5,1
2,1,2,2,1,4,51,15,0,85,30,85,6,5,4,1,1,68,1,6,14,15,5,7
2,1,NA,NA,NA,4,51,85,85,15,70,50,3,1,0,5,1,72,1,6,20,60,5,2
2,1,2,2,1,4,51,50,30,85,30,85,6,5,6,4,1,80,2,6,9,40,5,2
2,1,NA,NA,NA,4,51,100,85,0,70,0,5,3,0,5,1,65,1,2,16,60,5,2
2,1,4,3,3,4,51,70,60,50,60,40,6,1,1,2,1,31,1,3,21,60,5,1
1,1,NA,NA,NA,4,51,20,30,80,10,90,6,1,6,2,1,68,1,3,22,70,5,2
1,1,1,2,1,4,110,15,0,0,15,15,4,1,3,2,2,41,1,6,22,0,5,9
1,3,3,3,1,4,110,0,0,100,30,100,6,1,6,5,1,49,1,6,24,50,5,1
2,1,4,3,1,4,110,40,70,65,45,70,5,1,6,4,1,40,1,6,NA,80,1,7
2,1,2,2,1,4,110,0,15,70,15,70,6,3,6,4,2,34,1,7,21,40,5,9
2,2,1,1,1,4,266,100,85,60,85,60,5,1,1,5,1,51,2,3,13,100,5,1
2,1,3,2,2,4,266,70,60,15,70,15,NA,1,1,3,1,47,3,4,10,100,1,9
1,1,2,3,3,4,182,15,15,60,0,80,6,3,6,2,1,30,1,4,21,NA,NA,2
2,1,3,2,3,4,182,70,60,0,70,30,3,1,2,2,2,29,5,4,17,70,5,9
1,1,1,1,1,4,182,85,0,40,85,15,6,3,6,1,1,56,1,3,21,70,5,2
1,1,2,2,2,4,182,60,60,40,70,40,3,3,1,3,2,35,1,5,21,100,5,9
1,1,3,3,3,4,227,70,70,30,40,40,4,3,2,4,2,25,5,5,12,85,5,9
1,2,2,2,2,4,27,100,100,0,85,15,4,1,2,5,1,46,1,3,24,100,1,2
2,1,3,3,2,4,27,85,85,30,85,0,3,3,1,5,1,38,1,4,23,85,5,9
1,1,3,2,3,4,27,85,85,30,85,60,2,1,1,4,1,26,5,5,16,85,1,2
1,1,2,3,2,4,27,60,70,40,70,85,3,1,3,1,1,63,1,2,19,80,5,9
2,1,2,2,2,4,27,0,0,30,15,70,4,3,5,1,2,31,1,3,20,40,5,9
1,1,NA,NA,NA,4,27,70,70,50,60,70,3,1,5,2,2,25,3,5,21,40,5,9
2,1,3,3,3,4,27,0,0,85,0,100,6,5,5,5,1,35,1,5,7,0,5,1
2,1,1,2,1,4,23,100,100,15,85,60,4,1,5,4,2,70,3,4,18,100,5,9
2,1,2,3,1,4,23,0,0,85,15,85,6,1,6,4,1,49,3,6,23,40,5,1
2,1,1,2,1,4,23,15,15,85,40,60,6,3,6,1,1,58,5,6,17,30,5,1
2,1,1,1,1,4,23,60,0,60,40,85,5,1,5,2,2,54,1,5,24,85,5,9
2,1,2,2,2,4,23,100,100,0,70,30,3,1,0,4,1,76,2,5,17,NA,NA,2
1,1,2,2,3,4,23,0,15,70,30,60,6,3,6,5,1,46,1,4,24,40,5,1
2,1,1,2,1,4,23,40,30,40,40,70,5,1,6,4,1,62,5,7,16,70,5,1
2,1,4,3,3,4,88,50,40,NA,30,30,NA,5,3,1,2,46,1,3,5,50,5,9
1,1,NA,NA,NA,4,88,65,70,40,45,45,3,1,2,4,1,32,1,6,23,80,5,2
1,4,1,1,1,1,88,40,60,15,40,70,6,1,5,2,1,28,1,6,21,50,5,2
2,1,3,3,3,4,40,100,100,NA,100,15,4,1,0,2,2,21,1,3,15,NA,NA,9
1,1,3,3,2,4,40,85,40,30,70,30,2,1,0,4,2,35,5,4,12,70,1,9
1,1,2,3,1,4,40,85,70,60,100,40,6,3,0,2,2,72,1,2,6,85,5,9
2,1,3,3,3,4,40,0,0,50,40,70,4,5,1,1,1,38,1,3,16,60,5,9
2,1,2,2,1,4,40,70,40,0,60,0,4,5,0,5,1,40,4,6,2,NA,NA,7
1,1,3,3,3,4,40,60,50,50,60,60,4,3,4,4,1,30,1,3,20,85,1,9
1,1,3,2,2,4,2,70,70,30,70,15,5,3,1,5,1,44,1,5,24,70,5,1
2,1,4,3,4,4,2,100,100,NA,85,15,NA,5,1,5,1,83,2,1,6,75,5,9
1,1,3,3,2,4,2,0,0,50,10,60,6,1,6,2,1,34,1,3,15,30,5,7
1,1,3,3,3,4,2,0,0,NA,0,0,4,5,4,1,2,52,1,2,3,50,5,9
2,1,3,2,3,4,2,85,60,30,60,50,4,1,1,4,1,27,1,3,20,60,5,1
1,1,2,2,2,4,2,15,15,50,15,15,5,5,4,1,1,42,1,4,19,NA,NA,7
2,1,2,2,2,4,2,30,30,50,60,85,NA,5,4,4,2,51,3,3,11,NA,NA,9
2,1,2,2,1,4,2,85,85,40,85,60,3,3,0,4,2,35,4,4,15,70,5,9
2,1,3,2,2,4,2,15,15,60,60,70,4,5,5,4,1,38,5,4,22,70,5,1
2,1,3,2,3,4,354,0,50,NA,85,70,4,5,5,2,2,87,2,6,NA,50,5,9
2,1,2,2,1,4,354,70,60,30,60,40,3,3,2,5,1,53,1,3,23,40,5,7
1,1,1,1,2,4,354,15,0,70,15,85,7,3,6,4,1,55,3,6,24,70,5,1
1,1,1,1,2,4,354,50,70,50,60,70,5,1,5,4,1,70,1,7,21,50,5,1
1,1,2,2,2,4,354,0,0,85,40,75,6,5,5,4,2,56,1,3,20,40,5,9
1,1,2,2,2,4,354,80,75,0,75,50,3,1,2,2,2,47,1,6,22,NA,NA,9
1,1,2,2,1,4,354,100,100,60,60,70,4,1,5,3,1,69,1,4,21,30,5,2
2,1,4,4,5,4,50,30,30,50,50,60,5,3,5,1,1,46,1,1,NA,NA,NA,7
2,1,NA,NA,NA,4,50,85,70,40,70,40,3,3,0,4,1,44,1,3,20,70,5,9
2,1,4,3,1,4,50,70,15,15,85,30,NA,1,5,4,1,26,1,5,NA,60,5,7
2,1,2,2,2,4,354,0,0,60,15,100,6,3,6,1,2,81,2,5,22,85,5,9
1,1,1,2,1,4,354,70,40,30,70,15,4,3,2,4,2,47,1,6,22,70,5,2
1,1,4,4,3,4,354,40,40,NA,40,60,4,3,5,2,1,37,1,3,17,50,5,7
2,1,3,3,3,4,354,40,40,NA,50,50,NA,1,5,2,1,77,2,3,5,95,5,1
2,1,1,1,1,4,354,30,15,70,40,85,6,3,6,4,1,68,3,4,13,60,5,1
2,1,2,2,1,4,354,100,85,0,100,0,3,1,0,2,1,60,1,5,16,70,1,9
2,2,4,3,2,4,354,85,85,NA,70,50,3,1,2,2,1,26,5,2,2,NA,NA,2
2,1,2,2,2,4,354,85,100,0,70,30,3,1,0,2,2,29,5,6,15,NA,NA,9
1,1,2,2,2,4,354,85,85,15,60,40,2,1,0,4,1,44,1,6,NA,50,5,2
1,3,1,2,1,4,354,85,85,15,85,15,3,1,2,2,1,43,1,3,NA,85,5,9
2,1,1,3,1,4,0,40,30,40,40,70,3,3,5,4,1,74,2,6,15,60,5,1
1,1,2,2,1,4,0,15,0,85,60,50,5,5,6,4,2,50,1,6,24,30,5,9
1,1,NA,NA,NA,4,0,85,70,15,85,30,1,1,0,4,2,43,3,6,17,80,5,9
2,1,NA,NA,NA,4,0,85,70,40,85,40,6,1,0,3,1,62,1,3,16,70,5,1
2,1,3,3,2,4,0,100,85,0,100,15,5,1,0,1,2,76,1,2,15,60,5,9
2,1,2,1,2,4,0,70,85,0,70,15,2,1,1,2,2,50,3,6,21,70,1,9
1,1,3,2,3,4,0,85,85,0,70,40,4,1,2,2,1,46,1,6,18,60,5,1
1,4,2,1,2,4,0,70,85,0,70,15,1,3,1,2,2,42,5,7,16,100,1,9
2,1,3,2,1,4,0,85,85,30,85,60,3,3,0,4,2,58,1,4,17,70,1,9
2,1,3,2,2,4,0,30,35,60,35,85,6,1,6,4,1,40,3,6,24,60,5,9
1,1,3,3,2,4,45,100,85,0,100,50,4,1,0,3,2,81,1,3,9,100,5,9
2,1,3,3,2,4,45,100,100,0,100,40,6,1,0,5,1,74,2,3,8,60,5,1
1,1,3,3,3,4,45,NA,NA,50,40,70,5,1,6,3,1,35,1,2,NA,50,5,1
2,1,3,3,2,4,45,100,85,0,100,0,2,1,0,2,1,88,2,4,4,70,5,1
2,1,4,4,3,4,45,85,85,40,70,70,4,3,2,2,2,46,3,3,14,50,5,9
2,1,2,2,1,4,45,70,60,40,70,60,3,1,2,3,1,32,1,4,11,70,5,1
2,1,3,3,3,4,45,100,70,40,85,40,4,1,0,2,1,50,1,3,NA,NA,NA,1
1,1,3,3,3,4,45,70,60,0,70,40,NA,1,2,2,1,20,5,2,4,NA,NA,7
1,1,1,1,1,4,9,75,70,30,70,60,3,1,1,5,2,40,2,6,19,85,5,1
2,1,4,3,3,4,0,60,NA,NA,50,50,6,1,2,1,1,50,1,3,NA,60,5,9
2,1,3,2,2,4,0,60,15,50,60,0,NA,1,1,1,2,55,3,5,10,50,5,9
2,1,3,2,2,4,0,0,0,60,15,60,6,3,5,2,1,57,3,5,6,0,5,7
2,1,5,4,3,4,0,70,85,NA,85,NA,NA,3,1,2,1,76,2,3,NA,75,5,1
1,1,5,4,4,4,0,85,85,50,100,0,NA,3,0,1,1,69,1,3,5,70,5,1
2,1,3,2,2,4,0,70,70,0,60,60,3,5,2,2,2,43,3,6,11,85,1,9
1,1,1,2,1,4,113,70,85,15,70,30,3,5,1,4,1,50,5,7,12,85,5,9
1,1,1,1,1,4,113,0,0,60,30,70,5,1,6,2,1,28,5,4,23,50,5,1
1,1,4,4,5,4,113,60,60,NA,60,70,NA,5,3,3,1,36,3,3,12,NA,NA,9
2,1,2,2,2,4,113,65,75,0,40,10,1,3,2,5,1,27,5,6,3,90,NA,7
2,1,2,2,1,4,16,85,60,15,85,40,NA,1,1,2,2,72,2,4,9,60,5,9
2,1,3,3,3,4,16,30,40,NA,40,60,6,1,4,2,1,74,2,4,15,65,5,2
1,1,2,2,1,4,16,30,60,85,60,85,NA,5,6,2,2,77,1,6,24,50,5,9
2,1,3,2,2,4,16,85,85,30,85,60,4,3,0,2,1,74,3,4,15,NA,5,2
2,1,3,3,3,4,900,50,50,30,50,30,3,1,1,3,1,36,3,5,14,NA,NA,1
1,1,3,2,2,4,900,40,10,70,30,80,6,3,5,2,1,34,1,6,23,50,5,1
1,1,2,2,1,4,900,35,40,70,20,85,6,5,6,2,1,73,3,3,16,85,5,9
1,1,3,3,3,4,900,90,80,40,80,30,3,1,0,4,1,48,1,3,19,75,5,2
2,1,2,2,2,4,900,75,60,15,60,30,3,1,2,2,1,30,1,5,24,100,1,9
2,1,4,2,3,4,900,15,0,60,0,100,NA,3,6,1,1,60,2,3,15,60,5,2
2,1,2,2,2,4,900,70,60,40,85,40,3,3,5,2,2,28,4,3,12,85,5,9
1,1,NA,NA,NA,4,900,75,50,0,75,50,4,3,0,4,1,74,1,2,14,65,5,2
1,1,2,2,2,2,900,40,30,60,30,85,4,3,5,4,2,76,1,4,15,50,5,9
2,1,2,2,2,2,900,50,50,50,50,70,5,NA,5,2,1,64,1,2,18,50,5,1
2,1,5,2,5,4,900,65,55,NA,50,50,NA,3,3,3,1,28,1,4,20,NA,NA,1
1,1,2,3,2,4,900,0,0,70,40,65,6,3,6,4,2,34,5,6,12,NA,NA,9
1,2,2,3,1,4,900,100,100,60,85,50,4,1,1,2,2,51,6,3,19,100,1,9
1,1,2,2,3,4,900,85,60,0,70,60,3,3,1,2,2,45,3,6,20,60,5,9
2,1,3,2,2,4,900,60,40,30,60,60,5,1,6,4,1,75,2,7,NA,70,5,1
2,1,3,2,3,4,900,0,0,70,0,100,7,5,5,4,1,51,1,7,NA,60,5,1
1,1,3,3,2,4,900,85,70,15,85,40,4,1,2,2,1,82,2,6,NA,70,5,2
2,1,3,3,2,4,900,100,100,40,100,60,6,1,0,5,1,75,1,3,NA,85,5,2
2,1,3,2,3,4,900,85,85,40,60,40,2,1,2,4,2,43,5,7,19,100,1,9
2,1,3,3,2,4,900,40,60,60,50,70,6,3,6,4,1,27,1,4,NA,40,5,9
2,1,4,3,3,4,900,75,75,50,50,50,4,1,1,4,1,85,2,2,12,50,5,1
2,1,2,3,1,4,900,85,70,40,70,60,4,1,4,5,1,37,1,6,NA,70,1,9
2,1,4,3,4,4,900,50,40,20,50,50,5,3,2,2,2,73,2,2,14,75,5,1
2,1,3,3,3,4,900,70,70,NA,50,10,6,1,1,4,1,25,1,3,15,85,5,2
1,1,2,3,1,4,900,50,50,75,50,75,5,1,5,2,1,83,2,3,11,60,5,1
2,1,2,2,2,4,900,85,100,0,60,30,3,1,1,3,2,55,3,4,14,70,1,1
2,1,2,2,2,4,900,96,96,10,80,15,3,1,0,4,1,58,1,3,16,60,5,9
2,1,3,3,3,4,900,95,95,10,85,65,4,1,5,4,1,33,1,3,19,65,5,2
1,1,2,2,1,4,900,100,60,30,100,60,6,1,0,1,1,76,1,3,13,50,5,1
2,1,4,3,3,4,900,90,60,40,90,50,5,1,1,2,1,59,2,3,5,65,5,1
2,1,4,3,3,4,900,90,90,50,90,70,5,1,0,2,1,42,3,2,13,60,5,2
2,1,4,3,3,4,900,85,60,40,80,40,4,1,0,1,1,47,4,3,16,85,5,2
2,1,4,3,3,4,900,60,50,NA,50,50,NA,5,2,2,2,46,1,2,NA,NA,NA,9
1,1,2,3,2,4,900,75,75,15,60,35,4,1,1,2,1,64,1,3,14,85,1,9
2,1,2,2,3,4,142,75,75,5,50,70,2,1,6,4,1,65,2,4,19,70,5,9
2,1,4,3,3,4,142,75,75,65,75,35,6,1,6,3,1,82,2,5,15,50,5,1
1,1,2,3,2,4,142,70,70,20,55,35,3,1,1,5,2,47,3,7,22,50,5,9
2,1,2,1,2,4,142,67,85,50,50,50,4,1,5,4,1,44,3,6,6,50,5,7
2,1,3,2,3,4,142,85,85,10,75,50,3,1,0,4,1,64,2,5,17,70,5,9
2,1,2,1,1,4,142,85,100,0,100,15,2,1,0,4,1,76,1,6,22,60,5,9
2,1,3,2,4,4,142,70,40,40,60,85,5,3,6,5,2,79,2,7,19,50,5,1
1,1,2,1,2,4,142,70,60,20,40,40,5,1,4,2,1,60,1,7,NA,60,5,1
2,1,2,2,3,4,142,100,100,15,70,50,4,5,0,1,1,69,1,3,18,85,1,2
2,1,2,2,2,4,288,60,60,60,40,80,5,1,6,2,1,31,1,6,20,NA,NA,9
2,1,3,3,3,4,288,70,40,60,70,40,6,1,2,4,2,48,1,3,22,50,5,9
2,1,1,1,2,4,288,15,15,15,15,85,6,1,6,1,1,39,1,3,19,0,5,7
1,1,2,2,1,4,288,60,85,50,60,70,5,3,6,4,1,35,1,6,21,60,5,9
2,1,3,2,3,4,288,70,40,60,70,60,3,3,2,4,1,31,5,5,16,NA,NA,7
2,1,3,3,3,4,288,40,60,60,50,50,6,3,5,2,1,35,3,4,12,50,1,7
1,1,1,1,1,4,288,30,15,60,35,75,5,3,6,2,1,40,1,6,18,35,5,1
2,1,2,2,2,4,288,100,100,0,85,15,2,1,0,2,1,52,3,4,13,100,1,7
2,1,NA,NA,NA,4,288,70,65,20,65,50,4,5,0,4,1,35,5,5,12,NA,NA,9
2,2,1,1,1,2,288,85,85,0,70,30,2,5,0,4,1,35,1,4,19,40,5,7
2,1,NA,NA,NA,4,288,50,50,55,50,50,5,1,2,4,1,37,1,4,21,70,1,1
1,1,2,2,1,4,288,70,60,60,70,60,4,1,5,2,2,30,1,6,20,70,5,1
1,1,3,2,3,4,288,60,30,15,50,40,5,1,1,5,1,36,1,3,NA,NA,NA,2
2,1,3,3,3,4,288,40,40,50,50,50,4,3,3,2,2,29,3,6,15,85,1,7
1,1,3,3,2,4,288,30,30,70,30,70,6,3,6,4,1,30,1,6,NA,20,5,7
1,1,3,2,3,3,288,30,50,40,40,70,6,3,5,4,1,38,1,6,22,60,5,7
2,1,1,1,2,4,288,85,60,0,70,30,3,3,0,4,1,35,1,7,NA,70,5,1
1,1,2,2,2,4,288,50,50,30,50,50,3,3,5,2,2,38,1,4,21,50,5,9
1,1,1,2,1,4,288,0,0,85,20,75,5,3,5,2,1,49,1,6,20,NA,NA,1
1,1,2,2,2,4,288,60,30,30,50,40,6,1,6,2,1,41,1,6,24,0,5,7
2,1,3,3,3,3,635,40,15,40,40,85,6,3,4,2,1,62,2,3,15,60,5,1
2,1,3,2,2,3,16,70,40,60,60,70,5,3,5,2,1,82,2,3,6,60,5,1
