"year","country","age","gender","corruption","imp_democracy","income_group"
2017,"US",43,2,10,2,3
2017,"US",35,2,5,5,5
2017,"US",48,2,1,1,1
2017,"US",49,2,10,10,1
2017,"US",20,2,1,5,5
2017,"US",27,1,1,1,1
2017,"US",41,1,10,10,6
2017,"US",52,2,10,6,10
2017,"US",24,2,10,5,NA
2017,"US",57,1,10,1,1
2017,"US",45,2,6,6,6
2017,"US",20,1,10,10,5
2017,"US",31,2,10,4,2
2017,"US",30,2,10,10,5
2017,"US",27,2,10,6,1
2017,"US",28,2,3,1,1
2017,"US",37,2,10,5,8
2017,"US",51,2,10,10,4
2017,"US",55,1,10,10,5
2017,"US",23,1,10,1,1
2017,"US",30,2,10,10,5
2017,"US",30,1,5,7,8
2017,"US",57,2,10,5,1
2017,"US",38,2,8,5,7
2017,"US",28,1,9,7,5
2017,"US",37,1,10,10,6
2017,"US",35,2,8,7,2
2017,"US",29,2,6,4,4
2017,"US",34,2,10,7,2
2017,"US",33,2,9,4,5
2017,"US",35,1,10,8,3
2017,"US",29,1,4,5,5
2017,"US",27,1,10,5,5
2017,"US",31,2,7,5,3
2017,"US",22,1,10,1,3
2017,"US",29,2,10,7,6
2017,"US",60,2,10,6,6
2017,"US",39,1,6,4,5
2017,"US",40,1,10,5,6
2017,"US",39,2,10,10,3
2017,"US",24,2,10,1,5
2017,"US",31,1,5,5,5
2017,"US",65,1,8,10,8
2017,"US",42,2,10,5,5
2017,"US",23,2,1,5,1
2017,"US",36,2,10,8,5
2017,"US",53,2,9,5,8
2017,"US",30,2,5,5,5
2017,"US",18,2,3,6,6
2017,"US",64,1,9,10,4
2017,"US",52,2,5,5,10
2017,"US",55,1,5,10,8
2017,"US",32,1,10,5,1
2017,"US",34,1,10,5,5
2017,"US",25,2,5,5,5
2017,"US",36,1,10,5,2
2017,"US",22,2,6,6,6
2017,"US",27,2,10,1,5
2017,"US",46,2,10,10,6
2017,"US",24,2,10,10,5
2017,"US",64,2,10,10,1
2017,"US",34,1,10,5,1
2017,"US",49,1,10,10,5
2017,"US",24,2,5,5,5
2017,"US",55,2,10,5,4
2017,"US",29,2,10,5,5
2017,"US",49,1,10,10,5
2017,"US",18,2,4,6,4
2017,"US",18,2,5,5,5
2017,"US",19,2,10,6,6
2017,"US",22,2,10,5,1
2017,"US",63,1,10,10,1
2017,"US",26,1,6,6,6
2017,"US",23,2,3,7,5
2017,"US",63,2,10,10,1
2017,"US",28,1,10,1,1
2017,"US",47,1,10,6,5
2017,"US",43,2,10,1,1
2017,"US",23,2,7,4,7
2017,"US",34,2,10,8,2
2017,"US",36,1,10,10,1
2017,"US",21,2,6,5,5
2017,"US",58,1,10,10,6
2017,"US",22,1,10,5,5
2017,"US",40,2,1,10,6
2017,"US",39,2,10,5,2
2017,"US",43,1,10,10,3
2017,"US",34,2,8,9,3
2017,"US",35,1,10,5,5
2017,"US",71,2,10,10,1
2017,"US",31,2,10,9,3
2017,"US",33,2,10,5,1
2017,"US",28,2,10,10,3
2017,"US",43,2,10,9,2
2017,"US",64,2,9,8,4
2017,"US",44,1,7,10,4
2017,"US",31,2,8,7,2
2017,"US",24,2,7,6,5
2017,"US",33,2,4,10,5
2017,"US",43,1,5,9,4
2017,"US",42,1,10,1,6
2017,"US",30,1,10,7,7
2017,"US",89,2,10,10,3
2017,"US",47,1,10,10,3
2017,"US",33,1,10,4,9
2017,"US",61,2,10,10,7
2017,"US",46,1,8,10,1
2017,"US",49,1,10,NA,5
2017,"US",42,2,4,3,1
2017,"US",30,2,8,9,4
2017,"US",26,1,10,10,1
2017,"US",26,1,5,1,3
2017,"US",18,2,1,4,2
2017,"US",28,1,10,10,4
2017,"US",51,1,10,10,5
2017,"US",81,2,8,8,1
2017,"US",34,1,10,7,5
2017,"US",33,1,10,7,5
2017,"US",39,1,10,8,2
2017,"US",27,1,10,10,3
2017,"US",28,2,10,9,2
2017,"US",63,1,10,10,7
2017,"US",30,1,10,10,4
2017,"US",30,2,10,10,3
2017,"US",48,1,10,10,3
2017,"US",58,2,9,10,1
2017,"US",29,2,8,10,4
2017,"US",48,2,10,10,6
2017,"US",31,1,10,9,1
2017,"US",57,1,10,10,5
2017,"US",61,2,10,10,10
2017,"US",22,1,10,3,3
2017,"US",65,1,10,10,10
2017,"US",28,2,10,5,5
2017,"US",45,1,10,3,2
2017,"US",44,2,10,10,3
2017,"US",26,2,10,10,3
2017,"US",26,2,10,2,5
2017,"US",36,1,7,10,2
2017,"US",22,1,9,6,2
2017,"US",35,1,10,7,4
2017,"US",58,1,8,10,5
2017,"US",43,2,10,NA,NA
2017,"US",30,2,10,8,7
2017,"US",47,1,10,10,1
2017,"US",24,1,10,10,5
2017,"US",50,1,6,NA,5
2017,"US",29,2,7,NA,NA
2017,"US",19,2,10,10,NA
2017,"US",23,2,7,6,6
2017,"US",45,1,5,5,5
2017,"US",66,1,9,10,4
2017,"US",35,2,10,10,4
2017,"US",25,2,10,4,8
2017,"US",41,2,10,5,1
2017,"US",31,2,10,10,1
2017,"US",26,2,10,5,2
2017,"US",46,1,10,10,5
2017,"US",39,1,5,10,1
2017,"US",23,1,10,10,5
2017,"US",43,2,10,4,4
2017,"US",29,2,4,10,4
2017,"US",24,2,4,5,4
2017,"US",28,2,4,3,1
2017,"US",32,2,8,10,6
2017,"US",33,2,3,6,8
2017,"US",44,2,7,8,NA
2017,"US",26,2,10,10,3
2017,"US",32,1,7,7,4
2017,"US",21,2,8,9,2
2017,"US",36,1,2,5,4
2017,"US",38,2,9,5,5
2017,"US",18,2,6,10,9
2017,"US",30,1,10,5,6
2017,"US",29,2,10,8,5
2017,"US",28,2,10,8,5
2017,"US",31,2,9,8,6
2017,"US",39,1,10,10,2
2017,"US",57,2,8,10,2
2017,"US",56,1,8,9,3
2017,"US",35,2,3,9,4
2017,"US",36,2,5,6,4
2017,"US",22,2,5,5,7
2017,"US",27,2,10,10,5
2017,"US",23,2,10,10,2
2017,"US",45,2,8,4,8
2017,"US",20,2,5,5,5
2017,"US",35,2,7,8,4
2017,"US",42,1,10,6,1
2017,"US",21,2,10,10,5
2017,"US",56,2,8,10,3
2017,"US",69,2,8,9,5
2017,"US",22,1,10,5,4
2017,"US",36,1,5,7,8
2017,"US",31,2,5,5,5
2017,"US",27,2,10,10,5
2017,"US",18,1,10,10,8
2017,"US",40,1,10,5,6
2017,"US",32,2,5,5,4
2017,"US",41,1,10,10,5
2017,"US",25,2,5,5,3
2017,"US",23,2,1,4,8
2017,"US",23,1,10,9,3
2017,"US",28,2,3,5,NA
2017,"US",31,1,3,7,6
2017,"US",51,1,7,3,8
2017,"US",20,2,10,4,4
2017,"US",65,2,10,9,6
2017,"US",19,2,8,5,7
2017,"US",31,2,10,5,5
2017,"US",30,2,1,10,5
2017,"US",21,1,10,8,2
2017,"US",27,2,10,3,1
2017,"US",19,2,5,8,7
2017,"US",29,2,10,2,5
2017,"US",25,2,10,8,5
2017,"US",31,1,5,5,5
2017,"US",51,2,6,5,4
2017,"US",29,2,8,10,3
2017,"US",21,2,5,NA,5
2017,"US",40,2,6,5,5
2017,"US",29,2,7,5,3
2017,"US",26,1,7,5,5
2017,"US",48,2,10,6,2
2017,"US",31,2,4,7,8
2017,"US",23,2,10,8,7
2017,"US",28,2,10,5,5
2017,"US",24,2,9,4,6
2017,"US",30,1,10,5,5
2017,"US",46,2,10,5,5
2017,"US",43,2,5,6,1
2017,"US",25,2,5,5,5
2017,"US",32,2,8,8,5
2017,"US",21,2,10,5,3
2017,"US",27,2,8,8,6
2017,"US",60,2,10,NA,5
2017,"US",30,2,6,5,4
2017,"US",24,1,5,6,5
2017,"US",32,1,4,2,3
2017,"US",68,2,10,8,4
2017,"US",30,2,10,7,5
2017,"US",32,2,7,5,4
2017,"US",31,2,6,2,4
2017,"US",34,2,6,7,6
2017,"US",29,2,10,5,5
2017,"US",28,2,8,5,4
2017,"US",41,2,10,5,5
2017,"US",26,2,10,5,3
2017,"US",22,2,5,5,5
2017,"US",24,2,7,5,6
2017,"US",42,1,10,10,4
2017,"US",25,2,9,9,4
2017,"US",26,2,7,7,6
2017,"US",29,2,10,5,1
2017,"US",39,2,5,5,1
2017,"US",37,1,9,6,3
2017,"US",39,2,10,6,NA
2017,"US",24,2,5,5,5
2017,"US",57,2,10,10,5
2017,"US",42,2,10,8,5
2017,"US",23,2,5,10,4
2017,"US",23,2,3,5,5
2017,"US",44,2,9,9,5
2017,"US",39,2,10,5,1
2017,"US",64,2,10,NA,NA
2017,"US",53,2,10,5,4
2017,"US",49,2,NA,5,5
2017,"US",30,2,5,6,5
2017,"US",22,2,6,5,4
2017,"US",27,1,6,5,5
2017,"US",30,1,10,10,3
2017,"US",51,1,10,10,4
2017,"US",20,2,7,5,5
2017,"US",24,2,10,10,2
2017,"US",38,2,8,8,6
2017,"US",40,2,10,5,5
2017,"US",26,2,5,5,5
2017,"US",38,2,10,5,5
2017,"US",43,1,7,6,7
2017,"US",22,2,1,6,5
2017,"US",32,1,6,5,5
2017,"US",19,1,9,5,5
2017,"US",57,1,6,10,4
2017,"US",22,2,4,5,5
2017,"US",30,1,9,5,8
2017,"US",29,2,9,10,1
2017,"US",43,2,10,5,1
2017,"US",30,2,5,5,4
2017,"US",39,2,10,5,5
2017,"US",37,2,10,5,1
2017,"US",25,1,10,5,5
2017,"US",20,2,10,5,5
2017,"US",42,2,10,5,5
2017,"US",36,1,5,5,6
2017,"US",42,2,1,NA,NA
2017,"US",35,1,10,10,5
2017,"US",31,2,5,4,1
2017,"US",28,2,5,6,6
2017,"US",36,1,10,10,3
2017,"US",62,2,9,5,3
2017,"US",46,2,8,5,3
2017,"US",37,2,9,8,3
2017,"US",21,2,9,8,2
2017,"US",21,2,10,10,3
2017,"US",29,2,10,8,5
2017,"US",33,2,10,10,4
2017,"US",37,1,9,5,5
2017,"US",70,2,10,10,7
2017,"US",30,2,7,5,4
2017,"US",19,1,9,8,4
2017,"US",60,2,10,NA,3
2017,"US",26,2,6,6,4
2017,"US",24,2,10,6,1
2017,"US",55,1,10,10,6
2017,"US",33,1,8,10,5
2017,"US",39,2,10,5,1
2017,"US",45,2,10,5,2
2017,"US",38,2,8,7,7
2017,"US",50,2,8,9,5
2017,"US",37,2,8,6,6
2017,"US",76,1,10,10,3
2017,"US",20,2,7,4,5
2017,"US",54,2,10,5,2
2017,"US",61,2,10,1,5
2017,"US",27,1,5,6,5
2017,"US",49,2,10,6,3
2017,"US",38,2,10,7,3
2017,"US",27,2,10,8,5
2017,"US",59,1,10,4,3
2017,"US",27,2,7,6,5
2017,"US",28,2,10,6,3
2017,"US",35,2,10,10,5
2017,"US",18,2,6,8,5
2017,"US",29,1,10,10,10
2017,"US",19,1,8,7,5
2017,"US",51,2,6,4,7
2017,"US",26,2,10,10,5
2017,"US",22,2,10,5,7
2017,"US",23,1,7,10,1
2017,"US",22,2,8,5,6
2017,"US",40,2,5,6,6
2017,"US",44,2,8,5,5
2017,"US",37,2,7,5,5
2017,"US",53,1,5,5,3
2017,"US",36,2,10,5,7
2017,"US",48,1,10,4,7
2017,"US",28,2,5,5,5
2017,"US",37,1,8,7,5
2017,"US",56,1,8,10,3
2017,"US",27,2,8,7,6
2017,"US",46,2,10,10,4
2017,"US",45,1,10,5,5
2017,"US",24,1,8,5,3
2017,"US",30,2,10,3,2
2017,"US",23,2,10,NA,NA
2017,"US",31,2,6,5,2
2017,"US",42,2,9,5,1
2017,"US",31,2,10,3,6
2017,"US",42,2,9,7,8
2017,"US",37,2,5,3,5
2017,"US",70,2,7,6,1
2017,"US",47,2,10,10,10
2017,"US",19,2,7,7,5
2017,"US",25,1,8,5,3
2017,"US",37,1,7,10,7
2017,"US",30,2,9,7,7
2017,"US",20,1,10,4,2
2017,"US",31,2,8,10,4
2017,"US",45,2,2,5,4
2017,"US",62,1,9,10,3
2017,"US",21,1,10,6,3
2017,"US",60,2,10,8,4
2017,"US",19,1,7,10,3
2017,"US",32,1,10,1,5
2017,"US",38,1,10,8,4
2017,"US",30,2,7,5,7
2017,"US",54,2,10,5,6
2017,"US",81,2,10,9,5
2017,"US",24,1,8,5,7
2017,"US",39,2,10,8,3
2017,"US",42,1,10,9,3
2017,"US",22,1,10,8,5
2017,"US",67,2,8,9,8
2017,"US",30,1,5,5,5
2017,"US",25,2,9,8,2
2017,"US",47,1,10,1,8
2017,"US",54,1,6,9,4
2017,"US",28,1,10,10,5
2017,"US",31,2,5,7,6
2017,"US",26,1,7,4,8
2017,"US",20,1,10,NA,6
2017,"US",28,1,8,5,4
2017,"US",35,2,5,8,8
2017,"US",23,2,7,10,NA
2017,"US",29,2,10,7,2
2017,"US",47,2,10,8,NA
2017,"US",27,2,6,4,5
2017,"US",25,2,5,9,5
2017,"US",27,2,10,7,6
2017,"US",55,1,8,10,2
2017,"US",47,2,10,9,4
2017,"US",29,1,8,6,3
2017,"US",28,1,7,5,7
2017,"US",27,1,10,2,4
2017,"US",33,1,8,6,5
2017,"US",41,1,10,9,6
2017,"US",57,1,10,10,5
2017,"US",20,2,8,6,3
2017,"US",25,2,10,6,4
2017,"US",24,2,10,10,1
2017,"US",46,2,9,9,6
2017,"US",27,2,10,8,5
2017,"US",42,2,10,5,4
2017,"US",40,2,10,10,5
2017,"US",63,1,7,10,5
2017,"US",25,1,7,8,5
2017,"US",39,1,10,10,5
2017,"US",32,2,8,8,8
2017,"US",24,2,10,9,4
2017,"US",45,2,8,10,5
2017,"US",74,1,8,10,8
2017,"US",46,1,8,5,NA
2017,"US",36,2,5,5,5
2017,"US",36,2,10,10,7
2017,"US",36,1,10,10,7
2017,"US",32,1,10,8,6
2017,"US",49,1,10,9,6
2017,"US",36,1,10,10,3
2017,"US",38,1,8,9,5
2017,"US",34,2,9,9,4
2017,"US",39,2,10,10,5
2017,"US",50,2,6,9,1
2017,"US",32,2,7,5,5
2017,"US",59,2,10,9,7
2017,"US",30,1,9,5,6
2017,"US",21,1,3,5,3
2017,"US",28,1,10,5,5
2017,"US",30,2,10,5,6
2017,"US",27,1,8,5,5
2017,"US",57,1,4,10,8
2017,"US",44,1,9,8,4
2017,"US",61,2,8,5,7
2017,"US",40,1,10,5,4
2017,"US",60,2,8,10,8
2017,"US",44,2,5,5,8
2017,"US",57,1,10,10,6
2017,"US",32,1,10,8,3
2017,"US",24,1,10,8,3
2017,"US",24,1,8,7,5
2017,"US",30,2,10,10,3
2017,"US",29,2,10,5,3
2017,"US",19,2,7,10,8
2017,"US",26,2,10,8,2
2017,"US",26,1,10,5,1
2017,"US",33,2,10,9,8
2017,"US",32,2,10,5,4
2017,"US",40,1,10,10,5
2017,"US",31,2,7,6,4
2017,"US",34,2,9,10,8
2017,"US",40,1,9,9,7
2017,"US",37,2,8,9,6
2017,"US",33,1,7,8,3
2017,"US",23,1,8,10,6
2017,"US",52,1,10,7,2
2017,"US",21,2,1,9,2
2017,"US",32,2,10,10,4
2017,"US",32,1,7,10,7
2017,"US",20,2,5,5,7
2017,"US",40,1,6,5,6
2017,"US",21,2,10,10,7
2017,"US",36,1,10,9,2
2017,"US",50,2,10,7,5
2017,"US",32,1,10,10,8
2017,"US",48,1,7,10,4
2017,"US",21,1,6,10,1
2017,"US",27,1,10,10,4
2017,"US",25,1,9,9,4
2017,"US",19,1,10,6,5
2017,"US",80,1,7,10,6
2017,"US",26,2,10,10,3
2017,"US",45,2,10,7,3
2017,"US",38,1,10,4,6
2017,"US",39,1,9,10,4
2017,"US",33,1,10,10,7
2017,"US",24,2,8,7,5
2017,"US",32,2,10,8,4
2017,"US",27,2,8,10,4
2017,"US",75,2,10,2,5
2017,"US",25,2,8,10,3
2017,"US",26,2,10,10,6
2017,"US",36,2,10,10,3
2017,"US",25,1,10,10,7
2017,"US",24,2,10,5,2
2017,"US",28,2,10,10,5
2017,"US",49,1,8,10,8
2017,"US",35,1,10,3,2
2017,"US",44,1,10,10,5
2017,"US",47,2,8,10,NA
2017,"US",60,1,10,10,4
2017,"US",57,2,10,10,1
2017,"US",51,1,10,7,2
2017,"US",20,1,4,7,3
2017,"US",59,1,10,10,6
2017,"US",42,2,10,9,3
2017,"US",19,1,10,10,8
2017,"US",61,1,10,10,3
2017,"US",22,1,8,10,4
2017,"US",38,1,10,10,5
2017,"US",47,2,10,10,3
2017,"US",75,1,9,10,7
2017,"US",50,2,10,5,7
2017,"US",61,2,10,10,1
2017,"US",24,2,10,10,5
2017,"US",83,1,9,10,4
2017,"US",40,1,10,5,7
2017,"US",18,2,7,10,4
2017,"US",25,1,10,8,3
2017,"US",24,2,10,10,4
2017,"US",43,2,10,8,6
2017,"US",21,2,10,10,7
2017,"US",24,2,6,8,5
2017,"US",47,2,10,10,4
2017,"US",36,1,10,10,2
2017,"US",27,2,7,10,5
2017,"US",23,1,8,8,4
2017,"US",19,1,9,6,5
2017,"US",24,2,9,5,3
2017,"US",22,2,10,6,5
2017,"US",47,2,10,10,4
2017,"US",53,2,10,10,1
2017,"US",27,1,8,10,6
2017,"US",19,2,10,10,3
2017,"US",45,1,10,1,9
2017,"US",25,2,10,10,4
2017,"US",53,2,10,10,7
2017,"US",54,2,10,10,5
2017,"US",38,1,10,10,5
2017,"US",24,1,10,10,4
2017,"US",34,2,6,8,5
2017,"US",54,1,8,8,4
2017,"US",33,1,10,8,4
2017,"US",46,1,9,10,5
2017,"US",62,2,6,10,5
2017,"US",73,1,9,10,5
2017,"US",49,2,6,6,NA
2017,"US",56,1,7,6,7
2017,"US",47,1,10,10,4
2017,"US",33,2,8,9,3
2017,"US",36,2,10,1,NA
2017,"US",33,1,8,10,7
2017,"US",57,1,10,10,6
2017,"US",56,1,10,2,6
2017,"US",29,2,7,10,5
2017,"US",48,1,10,9,2
2017,"US",60,2,10,10,10
2017,"US",46,1,8,10,7
2017,"US",18,1,4,2,6
2017,"US",34,1,6,5,6
2017,"US",18,2,6,5,5
2017,"US",25,2,6,7,6
2017,"US",73,1,9,10,8
2017,"US",57,1,8,7,7
2017,"US",39,1,5,6,4
2017,"US",24,2,8,10,5
2017,"US",31,2,10,6,2
2017,"US",62,1,10,10,2
2017,"US",33,1,10,8,7
2017,"US",23,1,8,6,7
2017,"US",31,2,8,10,4
2017,"US",34,1,6,10,9
2017,"US",30,2,10,8,4
2017,"US",28,2,10,5,3
2017,"US",20,1,8,9,10
2017,"US",53,1,8,10,5
2017,"US",56,2,10,1,4
2017,"US",46,1,10,8,5
2017,"US",54,1,10,5,3
2017,"US",54,2,10,7,4
2017,"US",38,1,4,4,3
2017,"US",54,2,10,8,4
2017,"US",30,2,1,4,1
2017,"US",39,2,7,5,5
2017,"US",41,1,10,10,5
2017,"US",41,1,4,8,6
2017,"US",32,2,6,5,5
2017,"US",30,1,10,10,3
2017,"US",50,1,8,7,6
2017,"US",30,2,7,NA,5
2017,"US",53,2,5,8,7
2017,"US",30,2,10,10,3
2017,"US",29,2,9,6,5
2017,"US",23,1,10,5,5
2017,"US",35,2,10,8,3
2017,"US",18,2,7,10,6
2017,"US",31,2,10,5,2
2017,"US",23,2,4,8,8
2017,"US",29,1,7,10,4
2017,"US",26,2,8,1,4
2017,"US",39,2,10,10,6
2017,"US",59,2,10,5,2
2017,"US",23,2,5,5,7
2017,"US",34,1,10,4,5
2017,"US",58,2,10,8,4
2017,"US",46,2,8,10,4
2017,"US",46,2,8,5,2
2017,"US",49,1,7,10,7
2017,"US",32,2,4,10,9
2017,"US",22,2,6,6,5
2017,"US",62,1,9,9,4
2017,"US",57,1,10,10,6
2017,"US",45,1,10,6,1
2017,"US",62,1,7,9,5
2017,"US",48,2,8,5,5
2017,"US",79,1,10,10,3
2017,"US",27,2,10,8,5
2017,"US",37,2,4,8,6
2017,"US",59,1,8,10,6
2017,"US",26,2,10,5,8
2017,"US",25,1,10,5,6
2017,"US",21,2,9,6,3
2017,"US",24,2,10,6,6
2017,"US",25,2,5,5,5
2017,"US",47,2,5,5,5
2017,"US",19,1,10,10,5
2017,"US",31,2,7,5,6
2017,"US",25,2,5,5,5
2017,"US",54,2,10,10,4
2017,"US",30,1,10,8,5
2017,"US",53,2,7,10,5
2017,"US",51,1,8,5,1
2017,"US",31,1,5,10,7
2017,"US",29,1,9,5,6
2017,"US",47,2,9,3,6
2017,"US",69,2,9,9,4
2017,"US",49,2,4,6,5
2017,"US",52,2,9,8,5
2017,"US",35,1,8,8,6
2017,"US",22,2,7,5,5
2017,"US",60,1,10,5,1
2017,"US",32,2,6,5,2
2017,"US",32,2,5,10,2
2017,"US",34,2,10,5,5
2017,"US",27,2,5,5,5
2017,"US",30,1,10,10,5
2017,"US",55,1,8,10,6
2017,"US",35,2,5,8,4
2017,"US",48,2,8,10,4
2017,"US",60,2,10,9,5
2017,"US",30,1,5,7,8
2017,"US",29,2,10,5,2
2017,"US",21,2,6,5,5
2017,"US",30,1,8,5,6
2017,"US",26,2,4,5,5
2017,"US",52,1,7,10,5
2017,"US",31,2,10,1,3
2017,"US",28,2,10,9,3
2017,"US",47,2,10,10,5
2017,"US",77,1,9,10,3
2017,"US",44,2,10,8,3
2017,"US",65,2,7,5,5
2017,"US",51,1,5,5,5
2017,"US",32,2,7,4,3
2017,"US",44,2,10,5,1
2017,"US",46,1,7,8,5
2017,"US",26,1,10,5,3
2017,"US",48,1,5,5,5
2017,"US",57,1,6,8,3
2017,"US",65,1,7,10,6
2017,"US",54,2,5,5,1
2017,"US",69,1,10,8,5
2017,"US",50,2,7,8,3
2017,"US",27,2,10,6,5
2017,"US",31,1,8,6,2
2017,"US",37,2,6,5,5
2017,"US",25,2,10,5,5
2017,"US",47,2,10,5,1
2017,"US",49,2,8,6,6
2017,"US",51,2,8,9,3
2017,"US",62,1,10,10,7
2017,"US",29,2,6,6,5
2017,"US",81,1,10,10,NA
2017,"US",57,2,10,2,6
2017,"US",29,1,8,5,4
2017,"US",46,1,4,8,8
2017,"US",59,2,10,10,2
2017,"US",59,1,10,10,5
2017,"US",25,1,5,5,5
2017,"US",20,2,5,5,5
2017,"US",29,1,9,6,5
2017,"US",35,2,6,8,5
2017,"US",29,2,7,10,5
2017,"US",29,2,10,7,7
2017,"US",62,1,10,5,5
2017,"US",67,2,8,9,4
2017,"US",56,1,8,9,7
2017,"US",50,1,8,10,3
2017,"US",19,2,7,8,7
2017,"US",60,2,5,7,6
2017,"US",34,1,9,8,6
2017,"US",36,2,10,5,9
2017,"US",49,2,5,10,6
2017,"US",45,2,10,5,3
2017,"US",44,2,5,5,5
2017,"US",38,2,5,8,5
2017,"US",63,2,10,10,3
2017,"US",37,2,8,9,NA
2017,"US",38,1,10,5,1
2017,"US",35,2,5,5,5
2017,"US",30,1,10,10,4
2017,"US",28,2,10,7,1
2017,"US",57,2,10,10,3
2017,"US",64,1,10,8,1
2017,"US",73,2,9,9,4
2017,"US",41,2,10,5,3
2017,"US",44,1,5,8,5
2017,"US",35,2,10,5,4
2017,"US",61,1,3,5,8
2017,"US",64,1,6,5,5
2017,"US",37,1,8,8,6
2017,"US",66,1,10,3,2
2017,"US",49,2,10,10,4
2017,"US",65,2,8,9,3
2017,"US",46,1,10,10,4
2017,"US",32,1,10,9,3
2017,"US",55,1,10,10,2
2017,"US",50,2,10,9,1
2017,"US",40,1,10,10,7
2017,"US",48,2,8,10,3
2017,"US",31,2,8,5,3
2017,"US",18,1,6,6,7
2017,"US",63,2,10,10,5
2017,"US",81,2,8,8,2
2017,"US",39,2,10,8,3
2017,"US",30,2,5,5,5
2017,"US",64,1,NA,5,4
2017,"US",40,2,8,10,6
2017,"US",35,2,5,5,5
2017,"US",55,2,10,3,5
2017,"US",37,1,6,6,1
2017,"US",42,1,5,NA,5
2017,"US",30,2,7,5,6
2017,"US",23,2,4,8,5
2017,"US",64,1,6,8,4
2017,"US",68,2,7,10,6
2017,"US",47,1,7,5,5
2017,"US",26,1,5,5,2
2017,"US",58,2,9,8,9
2017,"US",62,2,5,8,5
2017,"US",30,1,5,5,5
2017,"US",27,2,9,5,4
2017,"US",31,1,10,5,5
2017,"US",28,2,8,8,3
2017,"US",22,1,4,5,4
2017,"US",30,2,10,6,5
2017,"US",43,2,10,8,8
2017,"US",59,2,10,10,3
2017,"US",53,2,7,5,1
2017,"US",31,2,10,5,5
2017,"US",31,2,10,5,5
2017,"US",23,2,7,5,5
2017,"US",27,2,10,8,5
2017,"US",30,1,7,6,5
2017,"US",31,2,8,10,6
2017,"US",30,2,10,8,5
2017,"US",70,2,10,10,1
2017,"US",35,1,6,5,5
2017,"US",65,1,10,10,6
2017,"US",72,2,8,9,5
2017,"US",70,2,8,10,2
2017,"US",28,2,7,8,5
2017,"US",33,2,10,5,5
2017,"US",39,1,8,5,2
2017,"US",23,2,5,5,5
2017,"US",44,2,7,8,4
2017,"US",49,2,10,10,7
2017,"US",18,2,8,7,5
2017,"US",28,1,5,5,2
2017,"US",48,2,5,10,7
2017,"US",47,1,8,10,5
2017,"US",69,2,8,6,6
2017,"US",61,1,7,9,3
2017,"US",26,2,5,6,4
2017,"US",44,1,10,9,6
2017,"US",60,1,7,10,4
2017,"US",70,1,10,10,3
2017,"US",64,1,7,9,6
2017,"US",66,1,9,9,5
2017,"US",81,1,8,10,3
2017,"US",61,2,10,9,5
2017,"US",36,1,9,10,4
2017,"US",47,1,10,10,6
2017,"US",30,2,8,8,5
2017,"US",19,1,10,5,NA
2017,"US",27,2,8,7,6
2017,"US",42,1,10,10,3
2017,"US",27,1,8,6,8
2017,"US",20,1,10,5,4
2017,"US",34,1,10,7,4
2017,"US",32,2,8,10,8
2017,"US",31,2,NA,9,7
2017,"US",35,1,6,6,6
2017,"US",28,2,7,6,6
2017,"US",19,2,5,7,5
2017,"US",27,2,7,7,4
2017,"US",19,2,10,5,1
2017,"US",28,1,8,10,4
2017,"US",34,1,4,5,7
2017,"US",35,1,8,4,7
2017,"US",55,2,5,5,4
2017,"US",56,1,10,10,2
2017,"US",33,2,8,7,1
2017,"US",29,2,3,7,5
2017,"US",30,1,6,7,6
2017,"US",56,1,10,10,5
2017,"US",50,1,10,5,5
2017,"US",20,1,7,8,6
2017,"US",34,1,8,8,7
2017,"US",50,1,7,9,7
2017,"US",23,2,6,6,5
2017,"US",77,1,10,8,7
2017,"US",25,2,5,5,2
2017,"US",61,1,7,9,7
2017,"US",22,2,6,6,6
2017,"US",72,1,8,10,1
2017,"US",59,2,8,5,4
2017,"US",47,1,10,10,3
2017,"US",78,2,5,9,5
2017,"US",52,2,10,5,7
2017,"US",57,2,10,10,5
2017,"US",34,1,8,7,6
2017,"US",52,2,5,1,1
2017,"US",67,2,10,8,1
2017,"US",50,2,6,10,4
2017,"US",23,2,7,10,6
2017,"US",66,1,8,10,8
2017,"US",53,2,10,10,3
2017,"US",57,1,10,9,6
2017,"US",20,1,8,9,4
2017,"US",45,1,8,5,2
2017,"US",56,1,7,9,7
2017,"US",62,2,10,10,5
2017,"US",59,1,6,10,8
2017,"US",50,1,10,10,4
2017,"US",36,1,7,8,6
2017,"US",62,1,10,10,5
2017,"US",63,1,10,10,5
2017,"US",29,2,7,10,7
2017,"US",44,2,10,10,4
2017,"US",19,1,10,8,7
2017,"US",26,1,7,5,5
2017,"US",33,2,8,6,5
2017,"US",32,2,6,6,5
2017,"US",27,2,10,4,6
2017,"US",19,1,8,10,6
2017,"US",45,2,7,10,7
2017,"US",40,2,10,10,4
2017,"US",30,2,7,8,5
2017,"US",66,2,7,10,5
2017,"US",37,2,5,10,5
2017,"US",47,1,10,5,3
2017,"US",73,1,10,8,1
2017,"US",27,2,10,5,5
2017,"US",58,1,10,9,5
2017,"US",58,1,8,7,4
2017,"US",48,2,8,10,9
2017,"US",33,2,10,5,5
2017,"US",31,2,10,9,4
2017,"US",35,1,8,10,7
2017,"US",47,1,8,9,6
2017,"US",19,2,6,5,7
2017,"US",38,1,8,7,5
2017,"US",40,1,10,5,4
2017,"US",45,2,10,10,3
2017,"US",28,1,3,9,7
2017,"US",42,1,3,10,1
2017,"US",45,1,7,10,7
2017,"US",51,1,7,10,6
2017,"US",20,2,6,7,5
2017,"US",79,1,10,10,5
2017,"US",33,2,10,5,7
2017,"US",25,2,3,8,3
2017,"US",22,2,10,10,4
2017,"US",43,2,9,10,4
2017,"US",35,2,7,10,6
2017,"US",61,1,8,10,3
2017,"US",35,2,10,7,5
2017,"US",27,2,5,7,6
2017,"US",33,1,10,9,7
2017,"US",44,2,10,10,4
2017,"US",31,1,8,10,5
2017,"US",52,2,9,10,4
2017,"US",31,2,10,6,6
2017,"US",65,2,8,8,6
2017,"US",30,2,6,10,3
2017,"US",29,2,9,3,6
2017,"US",27,1,7,8,4
2017,"US",36,1,8,9,6
2017,"US",30,1,5,10,3
2017,"US",33,1,6,6,7
2017,"US",28,1,8,8,5
2017,"US",29,2,6,8,7
2017,"US",30,1,10,4,5
2017,"US",36,2,10,1,3
2017,"US",53,2,9,9,7
2017,"US",73,1,9,8,4
2017,"US",66,2,10,10,5
2017,"US",33,1,8,10,6
2017,"US",71,1,7,10,5
2017,"US",32,1,8,10,5
2017,"US",27,2,5,9,5
2017,"US",27,2,6,7,NA
2017,"US",36,1,10,10,6
2017,"US",68,2,7,10,5
2017,"US",28,2,4,4,4
2017,"US",33,1,10,10,7
2017,"US",44,1,8,5,5
2017,"US",60,1,7,8,5
2017,"US",48,2,6,5,NA
2017,"US",62,1,8,10,7
2017,"US",63,2,10,4,7
2017,"US",20,2,8,NA,5
2017,"US",27,1,8,10,4
2017,"US",65,1,9,10,4
2017,"US",28,1,8,10,7
2017,"US",51,2,10,10,2
2017,"US",31,2,9,4,5
2017,"US",32,1,8,NA,NA
2017,"US",44,2,7,10,6
2017,"US",80,2,7,6,3
2017,"US",45,1,8,5,4
2017,"US",65,2,10,10,8
2017,"US",27,2,10,8,5
2017,"US",31,1,8,9,4
2017,"US",34,2,10,5,5
2017,"US",30,2,10,10,3
2017,"US",62,2,9,7,7
2017,"US",46,2,10,6,1
2017,"US",23,2,5,5,5
2017,"US",55,2,8,6,6
2017,"US",31,1,8,7,5
2017,"US",52,2,5,7,4
2017,"US",52,1,9,10,3
2017,"US",30,1,2,10,8
2017,"US",29,2,7,9,4
2017,"US",27,1,10,8,4
2017,"US",66,1,8,10,7
2017,"US",26,2,3,6,5
2017,"US",26,2,6,8,6
2017,"US",44,1,8,10,6
2017,"US",40,2,10,10,4
2017,"US",70,2,10,10,4
2017,"US",35,1,10,10,3
2017,"US",46,2,8,7,7
2017,"US",43,2,7,10,5
2017,"US",39,1,10,10,7
2017,"US",49,2,8,8,4
2017,"US",44,2,10,8,5
2017,"US",25,2,8,5,6
2017,"US",89,2,9,10,7
2017,"US",42,2,10,10,3
2017,"US",43,2,8,10,5
2017,"US",40,1,8,10,5
2017,"US",66,2,8,1,2
2017,"US",47,1,10,7,6
2017,"US",74,2,9,10,7
2017,"US",48,2,8,7,4
2017,"US",20,1,8,8,5
2017,"US",38,2,5,7,3
2017,"US",64,1,7,9,4
2017,"US",28,2,4,6,3
2017,"US",34,1,7,7,7
2017,"US",25,2,10,10,6
2017,"US",43,1,10,10,9
2017,"US",23,2,7,8,5
2017,"US",66,1,9,9,5
2017,"US",38,2,6,7,4
2017,"US",55,1,7,6,5
2017,"US",38,1,10,7,5
2017,"US",46,2,8,5,5
2017,"US",50,1,6,8,6
2017,"US",38,2,9,10,6
2017,"US",38,1,10,10,3
2017,"US",40,2,10,8,3
2017,"US",35,1,9,7,2
2017,"US",38,2,6,8,5
2017,"US",45,1,6,9,5
2017,"US",69,1,9,10,6
2017,"US",57,1,7,10,6
2017,"US",58,2,10,5,5
2017,"US",33,1,8,10,6
2017,"US",40,2,7,10,1
2017,"US",54,1,5,10,5
2017,"US",38,1,8,9,1
2017,"US",48,2,9,7,NA
2017,"US",24,2,5,5,5
2017,"US",49,1,8,8,6
2017,"US",31,1,10,10,2
2017,"US",52,1,10,10,4
2017,"US",50,2,10,10,5
2017,"US",31,1,10,10,4
2017,"US",57,2,10,10,6
2017,"US",24,2,7,5,3
2017,"US",21,1,10,8,NA
2017,"US",24,1,8,10,7
2017,"US",57,2,10,5,1
2017,"US",46,1,7,10,6
2017,"US",35,1,5,10,4
2017,"US",18,2,5,6,5
2017,"US",30,2,8,6,6
2017,"US",41,2,7,7,5
2017,"US",19,2,6,8,2
2017,"US",45,1,8,10,7
2017,"US",20,2,5,6,6
2017,"US",26,1,7,10,4
2017,"US",28,2,6,10,3
2017,"US",35,2,5,5,5
2017,"US",27,2,10,8,5
2017,"US",24,2,10,10,4
2017,"US",70,2,7,8,6
2017,"US",40,2,6,7,5
2017,"US",41,2,6,5,NA
2017,"US",67,1,9,10,4
2017,"US",24,2,4,10,5
2017,"US",40,1,8,10,5
2017,"US",32,1,7,8,7
2017,"US",31,1,6,7,7
2017,"US",28,2,6,8,4
2017,"US",26,2,10,3,4
2017,"US",28,2,7,10,7
2017,"US",67,1,7,9,6
2017,"US",56,2,7,NA,5
2017,"US",26,1,7,10,4
2017,"US",54,2,8,10,5
2017,"US",20,2,8,10,5
2017,"US",71,1,6,7,7
2017,"US",39,1,7,10,5
2017,"US",49,1,9,8,7
2017,"US",28,1,10,10,4
2017,"US",55,1,10,10,4
2017,"US",47,2,6,7,6
2017,"US",73,1,8,10,8
2017,"US",80,1,5,10,7
2017,"US",57,1,10,7,4
2017,"US",60,1,6,5,5
2017,"US",38,2,10,10,5
2017,"US",54,1,8,9,4
2017,"US",58,1,5,8,7
2017,"US",43,2,10,4,4
2017,"US",57,1,6,10,5
2017,"US",54,1,10,10,4
2017,"US",64,1,10,10,6
2017,"US",56,1,8,8,6
2017,"US",34,2,10,10,3
2017,"US",40,1,9,5,2
2017,"US",36,1,5,4,4
2017,"US",58,1,8,9,5
2017,"US",73,1,8,9,4
2017,"US",50,2,8,10,6
2017,"US",53,1,9,8,6
2017,"US",47,2,8,10,5
2017,"US",60,1,9,10,6
2017,"US",26,2,6,9,5
2017,"US",33,2,9,8,1
2017,"US",56,2,10,10,3
2017,"US",60,1,7,10,7
2017,"US",83,1,7,10,3
2017,"US",46,2,9,10,7
2017,"US",31,2,7,6,6
2017,"US",23,1,9,9,5
2017,"US",21,1,6,8,5
2017,"US",59,2,9,10,4
2017,"US",49,2,9,10,3
2017,"US",25,2,7,8,6
2017,"US",30,2,6,10,6
2017,"US",29,2,5,5,2
2017,"US",39,1,3,8,10
2017,"US",28,2,6,5,5
2017,"US",61,2,8,9,6
2017,"US",42,1,4,10,5
2017,"US",49,2,8,10,6
2017,"US",21,1,8,8,3
2017,"US",43,2,8,10,2
2017,"US",38,1,7,10,7
2017,"US",29,1,10,7,6
2017,"US",32,1,9,8,7
2017,"US",41,1,8,10,4
2017,"US",44,1,10,10,5
2017,"US",25,1,7,5,2
2017,"US",56,1,9,8,7
2017,"US",21,2,9,9,3
2017,"US",41,1,7,10,7
2017,"US",21,1,7,10,5
2017,"US",35,1,7,8,6
2017,"US",48,2,7,10,5
2017,"US",46,2,10,10,5
2017,"US",30,2,8,7,8
2017,"US",26,2,7,9,4
2017,"US",41,2,6,10,6
2017,"US",54,1,9,NA,5
2017,"US",61,1,10,9,7
2017,"US",70,1,8,8,6
2017,"US",26,2,8,8,4
2017,"US",60,1,8,8,4
2017,"US",35,2,10,10,6
2017,"US",33,1,8,8,2
2017,"US",53,1,6,10,5
2017,"US",31,1,8,10,8
2017,"US",30,2,10,2,6
2017,"US",52,2,10,10,5
2017,"US",77,1,10,10,6
2017,"US",69,1,9,6,6
2017,"US",58,1,5,10,5
2017,"US",64,2,8,10,5
2017,"US",65,1,8,10,8
2017,"US",56,1,10,8,6
2017,"US",42,1,6,8,4
2017,"US",30,2,7,8,4
2017,"US",49,2,5,5,8
2017,"US",34,1,8,9,6
2017,"US",26,2,7,5,4
2017,"US",38,1,8,9,5
2017,"US",35,2,5,10,5
2017,"US",59,1,7,8,5
2017,"US",30,2,8,8,2
2017,"US",33,2,10,5,6
2017,"US",32,2,8,8,3
2017,"US",55,2,9,10,4
2017,"US",34,1,8,8,7
2017,"US",57,1,7,6,6
2017,"US",75,1,7,10,6
2017,"US",45,1,9,10,5
2017,"US",43,2,7,10,6
2017,"US",54,1,7,7,2
2017,"US",90,1,7,10,6
2017,"US",26,1,9,7,6
2017,"US",64,1,9,10,4
2017,"US",61,1,10,8,2
2017,"US",33,1,7,9,8
2017,"US",41,1,8,8,5
2017,"US",40,2,10,10,5
2017,"US",27,1,8,8,8
2017,"US",54,1,9,9,2
2017,"US",70,2,10,5,1
2017,"US",59,1,10,10,3
2017,"US",69,1,7,10,6
2017,"US",56,2,8,10,6
2017,"US",67,2,9,10,4
2017,"US",49,1,9,10,5
2017,"US",65,1,6,7,7
2017,"US",40,1,8,10,6
2017,"US",51,1,7,10,6
2017,"US",58,1,10,10,3
2017,"US",70,1,7,6,3
2017,"US",61,1,9,8,3
2017,"US",30,2,7,8,6
2017,"US",41,1,7,8,6
2017,"US",24,2,8,9,6
2017,"US",56,2,10,9,5
2017,"US",37,2,10,10,6
2017,"US",52,1,8,10,7
2017,"US",39,1,NA,7,2
2017,"US",26,1,10,7,5
2017,"US",64,1,9,7,3
2017,"US",61,1,8,10,8
2017,"US",38,1,8,7,7
2017,"US",36,1,8,7,3
2017,"US",38,1,8,10,3
2017,"US",68,1,10,10,7
2017,"US",29,2,7,7,2
2017,"US",71,1,10,10,7
2017,"US",64,1,8,9,7
2017,"US",61,1,3,8,6
2017,"US",38,1,8,10,4
2017,"US",41,1,8,10,5
2017,"US",38,2,7,9,6
2017,"US",70,1,10,10,5
2017,"US",33,2,8,2,4
2017,"US",64,1,8,7,6
2017,"US",36,1,10,6,4
2017,"US",45,2,10,5,3
2017,"US",41,1,6,8,4
2017,"US",48,1,8,8,6
2017,"US",64,1,6,7,5
2017,"US",37,1,8,9,7
2017,"US",53,1,10,10,4
2017,"US",48,1,7,6,8
2017,"US",56,1,10,4,3
2017,"US",65,1,9,10,3
2017,"US",53,2,9,9,3
2017,"US",37,2,9,10,4
2017,"US",48,2,8,8,2
2017,"US",28,2,5,5,4
2017,"US",56,1,7,10,5
2017,"US",20,2,10,2,4
2017,"US",51,1,6,10,5
2017,"US",29,1,10,10,3
2017,"US",35,1,7,10,5
2017,"US",34,2,6,7,4
2017,"US",27,2,6,8,4
2017,"US",45,2,10,9,6
2017,"US",29,2,7,9,5
2017,"US",30,1,10,10,4
2017,"US",56,1,8,7,8
2017,"US",32,1,5,6,6
2017,"US",28,2,5,9,5
2017,"US",52,1,6,10,6
2017,"US",34,2,5,10,5
2017,"US",44,2,10,9,NA
2017,"US",37,2,10,10,5
2017,"US",46,2,8,9,2
2017,"US",50,2,9,10,5
2017,"US",61,1,10,9,3
2017,"US",62,1,9,9,5
2017,"US",40,1,7,8,3
2017,"US",65,1,5,10,4
2017,"US",51,2,10,10,7
2017,"US",61,2,8,9,7
2017,"US",71,1,5,10,6
2017,"US",55,1,9,9,6
2017,"US",67,1,8,10,7
2017,"US",18,2,10,9,3
2017,"US",36,1,7,10,6
2017,"US",73,2,7,10,4
2017,"US",45,2,8,9,4
2017,"US",37,2,10,10,4
2017,"US",63,2,4,8,3
2017,"US",34,1,8,10,4
2017,"US",75,1,10,8,6
2017,"US",64,2,10,10,5
2017,"US",49,2,6,10,2
2017,"US",25,2,7,8,5
2017,"US",60,2,8,9,7
2017,"US",40,2,10,9,7
2017,"US",45,2,7,10,5
2017,"US",47,2,10,10,2
2017,"US",59,1,10,8,5
2017,"US",69,1,9,10,4
2017,"US",27,2,3,9,8
2017,"US",24,2,10,6,3
2017,"US",31,1,8,7,4
2017,"US",42,1,8,8,4
2017,"US",44,2,9,10,5
2017,"US",47,1,8,10,4
2017,"US",33,1,6,NA,NA
2017,"US",45,1,10,10,4
2017,"US",35,2,10,10,5
2017,"US",81,1,8,9,8
2017,"US",19,2,7,7,7
2017,"US",39,1,6,7,6
2017,"US",49,1,10,10,6
2017,"US",46,2,5,9,7
2017,"US",67,1,7,10,3
2017,"US",62,2,6,5,2
2017,"US",27,1,7,7,3
2017,"US",39,2,6,9,6
2017,"US",62,1,8,10,4
2017,"US",33,1,9,8,6
2017,"US",28,2,6,8,5
2017,"US",29,2,10,9,4
2017,"US",43,1,7,8,9
2017,"US",31,1,8,7,7
2017,"US",62,1,8,10,7
2017,"US",38,2,8,9,5
2017,"US",29,2,8,10,4
2017,"US",38,1,7,8,9
2017,"US",28,2,7,9,5
2017,"US",35,2,4,10,5
2017,"US",61,1,8,10,3
2017,"US",39,1,6,10,9
2017,"US",47,1,10,10,4
2017,"US",33,1,4,8,7
2017,"US",49,1,8,10,4
2017,"US",44,1,5,7,8
2017,"US",24,1,7,7,6
2017,"US",27,1,5,6,3
2017,"US",64,1,10,6,6
2017,"US",31,1,6,8,4
2017,"US",49,2,2,10,1
2017,"US",44,2,10,8,7
2017,"US",49,1,8,8,1
2017,"US",71,1,9,10,5
2017,"US",28,1,7,10,2
2017,"US",42,1,9,8,4
2017,"US",70,1,8,10,6
2017,"US",43,2,7,10,5
2017,"US",52,1,7,9,8
2017,"US",46,1,8,8,3
2017,"US",51,1,10,10,4
2017,"US",60,2,10,9,7
2017,"US",30,2,10,8,5
2017,"US",26,1,10,10,6
2017,"US",64,1,9,8,3
2017,"US",47,2,9,10,7
2017,"US",71,2,10,9,2
2017,"US",72,1,8,10,5
2017,"US",53,2,8,8,7
2017,"US",53,1,3,10,6
2017,"US",38,2,10,9,4
2017,"US",48,1,10,9,3
2017,"US",22,1,8,9,3
2017,"US",52,2,5,10,6
2017,"US",53,1,8,9,7
2017,"US",21,1,5,10,5
2017,"US",48,2,7,10,4
2017,"US",24,2,4,7,2
2017,"US",50,1,9,10,2
2017,"US",23,1,6,10,3
2017,"US",50,2,7,10,7
2017,"US",39,1,7,8,4
2017,"US",49,2,9,10,6
2017,"US",24,2,10,10,2
2017,"US",66,2,8,9,7
2017,"US",37,1,8,8,3
2017,"US",33,2,10,5,3
2017,"US",74,2,10,1,1
2017,"US",59,1,9,10,7
2017,"US",24,1,10,10,9
2017,"US",59,1,4,8,8
2017,"US",19,1,8,5,5
2017,"US",54,1,8,10,7
2017,"US",49,2,8,9,4
2017,"US",63,1,9,10,4
2017,"US",30,2,10,10,6
2017,"US",45,1,9,9,3
2017,"US",30,2,9,5,3
2017,"US",30,2,8,9,7
2017,"US",27,1,7,9,6
2017,"US",34,2,8,9,5
2017,"US",62,2,10,10,4
2017,"US",57,1,3,7,6
2017,"US",26,1,9,7,6
2017,"US",55,1,9,10,5
2017,"US",24,2,8,9,6
2017,"US",39,1,5,7,3
2017,"US",67,1,10,10,3
2017,"US",70,1,9,10,8
2017,"US",79,1,10,10,5
2017,"US",62,2,7,10,3
2017,"US",56,2,7,10,7
2017,"US",38,1,8,10,5
2017,"US",45,2,5,10,5
2017,"US",35,1,10,10,7
2017,"US",67,1,10,10,5
2017,"US",33,1,6,7,3
2017,"US",29,1,10,8,4
2017,"US",90,1,7,10,6
2017,"US",42,1,10,10,1
2017,"US",65,1,8,10,5
2017,"US",48,1,10,10,3
2017,"US",44,1,9,10,1
2017,"US",35,2,10,8,1
2017,"US",31,2,7,10,6
2017,"US",58,1,10,8,4
2017,"US",74,1,7,10,7
2017,"US",31,1,7,7,2
2017,"US",27,2,8,10,7
2017,"US",25,1,8,10,4
2017,"US",62,1,9,5,6
2017,"US",19,2,3,10,6
2017,"US",59,2,6,9,8
2017,"US",28,2,8,10,5
2017,"US",49,2,10,10,5
2017,"US",44,1,9,10,5
2017,"US",20,1,5,10,5
2017,"US",55,2,10,5,1
2017,"US",29,2,10,10,4
2017,"US",30,1,9,9,3
2017,"US",39,2,9,9,3
2017,"US",34,1,10,10,6
2017,"US",76,1,10,10,3
2017,"US",40,2,8,10,4
2017,"US",55,1,8,10,6
2017,"US",63,2,9,9,5
2017,"US",28,2,10,10,4
2017,"US",40,1,10,10,4
2017,"US",29,1,10,8,4
2017,"US",28,2,8,9,6
2017,"US",59,1,9,10,3
2017,"US",30,1,10,10,4
2017,"US",24,2,10,9,7
2017,"US",74,1,10,10,5
2017,"US",28,1,7,10,6
2017,"US",26,2,8,10,1
2017,"US",25,1,10,10,4
2017,"US",28,2,8,8,3
2017,"US",21,2,10,10,6
2017,"US",34,2,10,10,6
2017,"US",56,1,10,10,7
2017,"US",35,1,8,5,4
2017,"US",27,2,7,10,6
2017,"US",66,1,6,10,7
2017,"US",29,2,8,10,7
2017,"US",33,1,8,8,5
2017,"US",37,1,8,10,7
2017,"US",31,2,8,10,5
2017,"US",25,2,6,7,3
2017,"US",50,1,9,10,5
2017,"US",30,1,8,10,4
2017,"US",28,2,6,10,7
2017,"US",31,1,10,10,6
2017,"US",53,1,10,10,6
2017,"US",33,1,10,10,6
2017,"US",55,1,7,10,6
2017,"US",36,1,10,10,8
2017,"US",27,2,10,10,2
2017,"US",41,1,8,7,2
2017,"US",28,2,10,10,3
2017,"US",37,2,8,5,5
2017,"US",35,1,9,10,7
2017,"US",25,2,10,10,4
2017,"US",34,2,8,10,5
2017,"US",34,1,2,10,10
2017,"US",70,1,7,10,7
2017,"US",34,1,1,10,1
2017,"US",27,2,7,5,4
2017,"US",22,2,10,10,3
2017,"US",64,1,5,10,5
2017,"US",33,1,10,10,3
2017,"US",36,1,7,7,5
2017,"US",29,2,10,7,4
2017,"US",26,2,6,8,5
2017,"US",61,2,10,1,1
2017,"US",20,2,7,5,5
2017,"US",28,2,9,8,7
2017,"US",29,2,10,10,7
2017,"US",23,1,7,7,6
2017,"US",29,2,7,8,7
2017,"US",32,1,10,9,2
2017,"US",50,1,10,10,4
2017,"US",35,1,10,10,6
2017,"US",24,1,10,8,4
2017,"US",60,1,10,10,4
2017,"US",49,2,10,10,4
2017,"US",41,1,10,10,5
2017,"US",21,1,8,8,4
2017,"US",59,2,8,10,4
2017,"US",70,1,8,10,8
2017,"US",21,2,7,10,2
2017,"US",24,1,10,10,8
2017,"US",57,1,8,8,5
2017,"US",62,2,10,10,2
2017,"US",28,2,8,10,4
2017,"US",82,2,10,10,5
2017,"US",28,2,10,8,2
2017,"US",47,2,10,10,6
2017,"US",31,1,10,8,4
2017,"US",26,2,10,8,4
2017,"US",37,1,4,9,8
2017,"US",24,1,10,10,6
2017,"US",68,1,5,10,8
2017,"US",30,2,10,8,5
2017,"US",21,2,8,10,4
2017,"US",37,1,7,9,4
2017,"US",27,1,7,8,5
2017,"US",35,1,10,10,6
2017,"US",40,1,10,10,1
2017,"US",78,1,5,10,4
2017,"US",76,1,5,10,8
2017,"US",40,1,10,10,1
2017,"US",41,1,6,10,7
2017,"US",73,2,10,10,6
2017,"US",28,2,10,7,8
2017,"US",56,1,10,10,2
2017,"US",42,1,10,8,4
2017,"US",40,2,7,10,4
2017,"US",40,1,10,10,4
2017,"US",45,1,10,10,4
2017,"US",37,2,9,10,6
2017,"US",72,2,8,10,3
2017,"US",47,1,8,8,6
2017,"US",73,2,7,10,5
2017,"US",66,1,10,10,4
2017,"US",57,1,10,10,2
2017,"US",28,2,1,10,5
2017,"US",30,1,8,5,4
2017,"US",39,1,6,8,5
2017,"US",43,1,9,10,8
2017,"US",40,2,5,10,6
2017,"US",32,1,9,10,4
2017,"US",55,1,10,10,3
2017,"US",62,1,10,10,1
2017,"US",40,2,10,7,6
2017,"US",69,1,8,10,6
2017,"US",31,2,9,10,5
2017,"US",44,1,10,9,7
2017,"US",56,2,10,9,1
2017,"US",48,1,8,10,6
2017,"US",68,1,7,10,6
2017,"US",28,1,7,9,5
2017,"US",43,1,10,10,2
2017,"US",36,1,9,10,8
2017,"US",45,1,7,10,6
2017,"US",48,2,10,10,5
2017,"US",58,1,10,10,5
2017,"US",62,1,6,10,5
2017,"US",22,1,6,9,5
2017,"US",42,2,7,10,3
2017,"US",19,1,7,7,4
2017,"US",45,1,10,10,6
2017,"US",46,2,7,10,7
2017,"US",21,2,8,10,5
2017,"US",64,2,10,6,6
2017,"US",75,1,8,10,7
2017,"US",73,1,9,5,7
2017,"US",62,1,10,10,4
2017,"US",39,2,10,9,4
2017,"US",54,2,10,10,6
2017,"US",39,1,9,2,5
2017,"US",49,1,10,8,2
2017,"US",19,2,10,10,5
2017,"US",80,1,10,10,5
2017,"US",34,1,7,10,6
2017,"US",68,1,6,10,1
2017,"US",30,2,8,8,5
2017,"US",32,1,8,10,4
2017,"US",26,2,8,10,7
2017,"US",43,2,7,9,7
2017,"US",20,2,10,10,3
2017,"US",67,1,7,10,7
2017,"US",21,1,10,8,3
2017,"US",46,1,7,10,7
2017,"US",33,2,1,5,1
2017,"US",51,1,10,8,3
2017,"US",22,1,10,10,7
2017,"US",30,2,8,10,4
2017,"US",34,1,8,9,6
2017,"US",19,1,10,10,4
2017,"US",26,1,10,10,7
2017,"US",59,2,10,10,7
2017,"US",23,1,7,10,3
2017,"US",18,1,6,8,7
2017,"US",39,2,5,10,7
2017,"US",62,1,6,10,1
2017,"US",78,2,10,NA,8
2017,"US",33,2,10,3,8
2017,"US",22,1,7,8,3
2017,"US",19,2,10,10,6
2017,"US",40,2,8,8,5
2017,"US",69,2,10,9,3
2017,"US",23,2,5,5,6
2017,"US",31,1,10,9,5
2017,"US",35,2,4,10,5
2017,"US",25,1,9,8,3
2017,"US",75,1,7,10,1
2017,"US",23,1,7,10,5
2017,"US",46,2,9,10,5
2017,"US",33,1,8,10,2
2017,"US",39,1,9,5,5
2017,"US",58,2,10,7,6
2017,"US",32,2,10,8,9
2017,"US",25,1,6,8,5
2017,"US",39,1,3,8,4
2017,"US",56,1,10,10,1
2017,"US",24,1,10,5,6
2017,"US",45,1,6,10,7
2017,"US",38,2,9,10,3
2017,"US",62,2,10,10,2
2017,"US",22,2,8,10,3
2017,"US",21,1,5,10,6
2017,"US",44,2,8,10,4
2017,"US",35,2,10,10,6
2017,"US",65,2,9,10,NA
2017,"US",52,2,7,9,4
2017,"US",66,2,7,10,2
2017,"US",30,2,8,8,7
2017,"US",63,1,3,10,5
2017,"US",58,1,10,7,7
2017,"US",33,1,10,10,4
2017,"US",61,2,10,10,5
2017,"US",51,1,5,2,6
2017,"US",30,1,7,8,7
2017,"US",54,1,10,10,6
2017,"US",73,2,10,10,1
2017,"US",30,2,9,8,1
2017,"US",54,1,10,10,4
2017,"US",27,2,10,10,6
2017,"US",60,2,7,10,1
2017,"US",48,1,1,10,5
2017,"US",42,2,10,10,4
2017,"US",47,1,7,9,6
2017,"US",48,1,5,10,10
2017,"US",29,2,5,10,6
2017,"US",41,1,8,7,4
2017,"US",28,1,7,8,4
2017,"US",46,2,8,9,6
2017,"US",52,2,6,5,4
2017,"US",41,2,10,4,5
2017,"US",61,1,9,10,5
2017,"US",20,1,7,9,4
2017,"US",37,2,5,8,1
2017,"US",28,2,7,8,6
2017,"US",57,1,8,9,5
2017,"US",65,2,8,9,6
2017,"US",29,2,6,9,6
2017,"US",56,2,5,6,3
2017,"US",37,1,9,9,4
2017,"US",56,1,10,9,7
2017,"US",55,2,9,7,6
2017,"US",20,2,2,6,NA
2017,"US",21,1,6,5,6
2017,"US",61,2,9,10,5
2017,"US",28,2,3,5,8
2017,"US",38,2,10,7,4
2017,"US",30,2,10,5,1
2017,"US",24,2,5,6,8
2017,"US",45,1,9,8,4
2017,"US",64,1,8,10,3
2017,"US",54,1,10,10,5
2017,"US",32,1,10,8,7
2017,"US",21,2,7,3,6
2017,"US",43,1,2,6,5
2017,"US",23,1,10,8,3
2017,"US",63,1,5,7,4
2017,"US",68,2,10,10,7
2017,"US",45,2,8,10,7
2017,"US",66,2,10,5,5
2017,"US",66,2,10,5,1
2017,"US",22,2,5,4,2
2017,"US",47,1,9,10,5
2017,"US",20,1,7,10,7
2017,"US",32,1,10,3,5
2017,"US",49,1,7,10,7
2017,"US",25,2,10,3,NA
2017,"US",37,2,7,10,6
2017,"US",62,1,7,10,2
2017,"US",30,1,5,10,6
2017,"US",48,2,10,10,5
2017,"US",51,2,8,10,4
2017,"US",28,2,10,6,6
2017,"US",49,2,8,8,5
2017,"US",77,1,6,10,5
2017,"US",46,1,7,10,7
2017,"US",18,2,5,10,4
2017,"US",46,1,3,9,7
2017,"US",48,2,10,6,1
2017,"US",56,1,9,10,5
2017,"US",32,1,6,5,5
2017,"US",65,2,6,10,6
2017,"US",66,2,10,10,5
2017,"US",30,2,5,9,5
2017,"US",56,1,7,10,6
2017,"US",39,2,4,4,4
2017,"US",46,2,10,10,6
2017,"US",74,1,7,8,5
2017,"US",71,1,10,10,3
2017,"US",42,2,5,10,8
2017,"US",42,1,10,10,5
2017,"US",42,1,5,1,1
2017,"US",46,2,7,8,7
2017,"US",36,1,6,10,7
2017,"US",52,1,8,10,7
2017,"US",33,2,9,10,7
2017,"US",56,2,10,5,5
2017,"US",71,1,8,10,7
2017,"US",67,1,10,10,7
2017,"US",64,2,10,10,5
2017,"US",36,1,7,9,7
2017,"US",48,1,10,10,5
2017,"US",29,1,10,7,4
2017,"US",34,1,6,8,3
2017,"US",43,2,8,6,6
2017,"US",46,1,8,10,6
2017,"US",37,2,10,10,4
2017,"US",19,2,10,10,7
2017,"US",27,2,6,5,5
2017,"US",39,2,5,5,5
2017,"US",33,2,7,9,7
2017,"US",32,1,10,4,5
2017,"US",31,2,6,8,8
2017,"US",79,2,7,10,4
2017,"US",52,1,10,10,2
2017,"US",32,2,5,5,5
2017,"US",49,1,6,9,5
2017,"US",38,2,10,9,4
2017,"US",28,2,8,8,4
2017,"US",33,1,7,7,5
2017,"US",46,2,8,9,3
2017,"US",50,1,9,10,4
2017,"US",58,1,8,9,4
2017,"US",28,2,5,5,4
2017,"US",49,1,6,7,6
2017,"US",70,1,6,8,6
2017,"US",33,2,8,5,6
2017,"US",34,1,8,8,5
2017,"US",26,2,8,8,6
2017,"US",26,2,8,10,4
2017,"US",73,1,8,9,3
2017,"US",42,2,6,10,6
2017,"US",61,2,6,8,4
2017,"US",30,1,7,7,8
2017,"US",47,1,8,9,5
2017,"US",31,2,8,10,4
2017,"US",19,1,7,7,NA
2017,"US",52,1,7,7,5
2017,"US",48,1,10,10,3
2017,"US",20,2,7,4,5
2017,"US",28,2,7,10,6
2017,"US",19,1,5,5,5
2017,"US",78,1,8,10,6
2017,"US",45,1,7,8,2
2017,"US",60,1,8,5,5
2017,"US",86,1,7,10,6
2017,"US",27,2,10,5,5
2017,"US",30,1,8,10,3
2017,"US",49,1,4,8,7
2017,"US",56,1,3,8,7
2017,"US",66,2,10,10,5
2017,"US",46,1,8,10,5
2017,"US",80,2,8,10,6
2017,"US",76,2,7,10,6
2017,"US",47,1,9,10,2
2017,"US",28,2,10,6,4
2017,"US",24,2,8,9,7
2017,"US",50,2,1,10,1
2017,"US",36,2,3,8,6
2017,"US",43,1,7,8,7
2017,"US",67,1,8,10,5
2017,"US",58,2,6,5,7
2017,"US",27,1,7,8,7
2017,"US",70,1,8,8,5
2017,"US",50,1,8,10,4
2017,"US",43,2,8,9,5
2017,"US",43,1,6,NA,4
2017,"US",66,1,10,10,6
2017,"US",53,2,10,10,4
2017,"US",64,1,7,9,4
2017,"US",63,1,5,6,5
2017,"US",59,1,4,8,9
2017,"US",43,2,7,7,6
2017,"US",43,1,7,10,4
2017,"US",50,1,5,9,4
2017,"US",62,1,8,10,4
2017,"US",52,1,9,9,8
2017,"US",25,1,1,6,4
2017,"US",39,1,7,10,5
2017,"US",71,1,8,10,6
2017,"US",49,1,7,10,6
2017,"US",36,2,6,10,4
2017,"US",29,2,7,10,6
2017,"US",49,2,7,NA,3
2017,"US",35,1,8,10,7
2017,"US",52,1,7,10,6
2017,"US",28,2,9,10,5
2017,"US",46,2,8,8,6
2017,"US",26,2,10,8,3
2017,"US",66,1,7,10,7
2017,"US",52,2,8,5,5
2017,"US",47,2,10,10,3
2017,"US",32,2,8,7,6
2017,"US",32,2,7,9,5
2017,"US",33,1,7,8,6
2017,"US",21,2,7,4,7
2017,"US",34,1,6,10,6
2017,"US",34,2,7,5,6
2017,"US",58,1,10,10,8
2017,"US",57,1,7,10,9
2017,"US",31,1,9,7,6
2017,"US",22,1,7,10,4
2017,"US",27,1,8,8,3
2017,"US",34,1,10,8,7
2017,"US",48,2,9,10,2
2017,"US",26,2,10,5,3
2017,"US",78,2,10,5,3
2017,"US",57,1,6,10,5
2017,"US",53,2,8,10,6
2017,"US",57,1,8,8,6
2017,"US",45,1,5,10,5
2017,"US",34,2,7,9,6
2017,"US",28,2,7,10,6
2017,"US",30,1,6,9,6
2017,"US",20,1,7,8,6
2017,"US",71,1,6,10,5
2017,"US",44,2,10,5,4
2017,"US",39,1,7,8,6
2017,"US",48,2,10,9,3
2017,"US",88,1,10,10,6
2017,"US",41,1,7,5,5
2017,"US",62,2,9,10,7
2017,"US",62,1,9,10,6
2017,"US",43,1,9,6,5
2017,"US",66,2,8,10,7
2017,"US",27,2,9,3,5
2017,"US",57,2,5,10,2
2017,"US",49,1,6,8,4
2017,"US",24,2,7,10,5
2017,"US",65,1,7,10,4
2017,"US",56,1,6,9,6
2017,"US",62,1,8,8,3
2017,"US",30,1,10,1,4
2017,"US",60,1,7,10,8
2017,"US",62,1,3,9,6
2017,"US",30,2,9,10,5
2017,"US",45,2,5,10,6
2017,"US",46,2,5,10,6
2017,"US",45,1,6,8,7
2017,"US",23,2,10,10,5
2017,"US",32,2,7,10,4
2017,"US",55,1,7,8,8
2017,"US",44,1,9,8,7
2017,"US",75,1,7,9,5
2017,"US",20,2,6,10,5
2017,"US",57,2,3,10,6
2017,"US",60,1,8,9,4
2017,"US",38,2,7,10,4
2017,"US",28,1,5,9,4
2017,"US",50,2,6,10,7
2017,"US",30,2,7,10,3
2017,"US",18,1,5,NA,3
2017,"US",73,1,6,10,7
2017,"US",44,2,10,6,5
2017,"US",18,1,7,8,6
2017,"US",37,2,5,10,6
2017,"US",54,2,9,8,6
2017,"US",21,2,6,8,7
2017,"US",51,1,7,10,6
2017,"US",29,1,8,10,4
2017,"US",36,1,9,10,4
2017,"US",46,1,6,6,5
2017,"US",70,1,9,10,7
2017,"US",72,2,10,10,4
2017,"US",64,1,9,10,8
2017,"US",39,1,5,10,7
2017,"US",45,1,8,10,7
2017,"US",64,1,10,10,6
2017,"US",63,1,4,10,8
2017,"US",48,1,7,10,6
2017,"US",85,1,3,10,5
2017,"US",59,2,9,10,3
2017,"US",39,2,10,10,7
2017,"US",37,1,6,10,6
2017,"US",73,1,10,10,6
2017,"US",74,1,NA,10,6
2017,"US",51,1,3,8,6
2017,"US",57,2,6,8,6
2017,"US",83,1,3,8,8
2017,"US",46,1,8,9,4
2017,"US",83,1,6,10,6
2017,"US",78,1,5,8,3
2017,"US",53,1,10,10,4
2017,"US",68,1,6,NA,8
2017,"US",49,2,9,5,7
2017,"US",64,1,7,10,6
2017,"US",18,1,6,10,5
2017,"US",55,2,8,9,3
2017,"US",61,1,7,10,6
2017,"US",30,1,5,10,7
2017,"US",61,1,9,10,1
2017,"US",61,1,8,10,2
2017,"US",36,1,2,9,6
2017,"US",64,1,9,10,5
2017,"US",30,2,10,10,4
2017,"US",36,2,4,9,3
2017,"US",35,1,9,8,6
2017,"US",37,1,6,4,8
2017,"US",43,1,9,10,6
2017,"US",66,2,10,9,7
2017,"US",29,1,10,10,5
2017,"US",69,2,7,10,6
2017,"US",30,1,7,7,5
2017,"US",62,1,7,10,9
2017,"US",71,2,5,9,5
2017,"US",40,1,10,10,4
2017,"US",23,1,7,10,3
2017,"US",19,1,6,10,7
2017,"US",63,1,4,10,6
2017,"US",29,2,10,5,5
2017,"US",60,1,9,10,8
2017,"US",26,2,5,8,7
2017,"US",33,1,4,9,8
2017,"US",30,2,8,8,5
2017,"US",50,1,10,10,2
2017,"US",27,1,6,8,7
2017,"US",37,2,7,8,6
2017,"US",65,1,5,9,7
2017,"US",23,1,10,8,6
2017,"US",22,2,4,7,6
2017,"US",27,2,6,10,7
2017,"US",55,1,6,9,6
2017,"US",29,1,9,8,6
2017,"US",33,2,9,10,6
2017,"US",46,1,5,8,6
2017,"US",33,2,10,10,6
2017,"US",53,1,8,10,7
2017,"US",31,2,10,10,7
2017,"US",51,1,4,10,5
2017,"US",61,1,10,10,7
2017,"US",30,1,7,10,6
2017,"US",47,1,3,10,7
2017,"US",27,2,7,10,6
2017,"US",40,2,10,9,4
2017,"US",53,1,9,10,6
2017,"US",61,1,7,9,3
2017,"US",19,1,9,9,NA
2017,"US",54,1,10,9,2
2017,"US",70,1,9,10,6
2017,"US",58,1,5,9,5
2017,"US",53,1,6,9,7
2017,"US",24,1,9,10,6
2017,"US",26,2,7,10,6
2017,"US",62,1,6,10,7
2017,"US",45,1,10,10,3
2017,"US",59,1,8,10,3
2017,"US",26,1,7,4,3
2017,"US",66,1,7,10,7
2017,"US",64,1,8,10,6
2017,"US",30,2,6,10,8
2017,"US",51,1,10,6,7
2017,"US",23,1,5,9,7
2017,"US",26,2,2,4,3
2017,"US",26,2,10,10,6
2017,"US",27,2,10,10,6
2017,"US",31,2,7,10,7
2017,"US",51,1,10,10,7
2017,"US",28,1,7,9,6
2017,"US",42,2,8,8,6
2017,"US",54,1,9,10,6
2017,"US",50,1,6,9,7
2017,"US",85,1,7,10,6
2017,"US",32,2,6,10,3
2017,"US",34,1,7,6,7
2017,"US",69,1,9,10,7
2017,"US",43,1,9,10,10
2017,"US",57,1,6,10,8
2017,"US",47,1,6,8,5
2017,"US",55,2,8,10,3
2017,"US",46,1,8,10,6
2017,"US",62,1,10,10,6
2017,"US",32,1,5,9,3
2017,"US",49,2,7,9,7
2017,"US",30,2,7,9,5
2017,"US",48,2,10,10,5
2017,"US",42,1,8,9,3
2017,"US",51,1,4,8,7
2017,"US",85,1,7,10,3
2017,"US",56,2,5,10,1
2017,"US",46,2,7,10,5
2017,"US",63,1,8,9,7
2017,"US",37,2,9,10,7
2017,"US",54,2,10,10,5
2017,"US",66,2,10,10,2
2017,"US",25,2,6,10,5
2017,"US",35,2,10,10,10
2017,"US",64,1,8,7,3
2017,"US",53,1,7,10,5
2017,"US",80,1,6,10,6
2017,"US",87,1,5,10,7
2017,"US",79,1,6,10,3
2017,"US",45,2,6,9,7
2017,"US",69,2,7,10,5
2017,"US",74,1,7,10,7
2017,"US",42,1,10,10,6
2017,"US",60,1,7,9,8
2017,"US",71,2,8,10,6
2017,"US",64,1,9,9,6
2017,"US",66,1,7,10,3
2017,"US",73,2,9,10,6
2017,"US",36,2,7,6,6
2017,"US",68,1,8,10,6
2017,"US",66,1,10,10,7
2017,"US",39,2,5,7,5
2017,"US",68,1,7,9,6
2017,"US",79,2,6,10,5
2017,"US",46,1,9,8,6
2017,"US",70,1,6,9,3
2017,"US",38,2,6,10,6
2017,"US",42,2,5,8,6
2017,"US",68,1,5,10,8
2017,"US",27,1,10,7,7
2017,"US",75,1,10,10,6
2017,"US",57,1,6,7,6
2017,"US",46,1,9,7,5
2017,"US",52,1,3,10,5
2017,"US",77,2,7,10,8
2017,"US",63,1,6,10,6
2017,"US",87,1,9,10,7
2017,"US",38,1,10,10,7
2017,"US",47,1,8,10,5
2017,"US",72,1,7,8,8
2017,"US",48,1,9,10,7
2017,"US",63,1,7,10,7
2017,"US",51,1,7,10,7
2017,"US",48,1,9,10,5
2017,"US",62,1,8,10,6
2017,"US",27,1,8,7,7
2017,"US",54,1,7,10,9
2017,"US",75,1,10,10,4
2017,"US",37,2,7,8,7
2017,"US",55,1,8,10,6
2017,"US",81,1,7,10,6
2017,"US",64,2,7,10,7
2017,"US",64,1,10,10,4
2017,"US",39,1,5,8,5
2017,"US",57,1,4,10,7
2017,"US",63,1,7,10,8
2017,"US",66,2,10,9,3
2017,"US",67,1,9,10,9
2017,"US",24,2,9,9,6
2017,"US",60,2,9,10,7
2017,"US",45,1,9,9,8
2017,"US",68,1,10,10,7
2017,"US",30,2,5,3,8
2017,"US",63,2,7,10,7
2017,"US",54,2,8,9,4
2017,"US",67,1,10,10,2
2017,"US",47,2,5,9,5
2017,"US",35,2,6,10,1
2017,"US",61,1,4,10,4
2017,"US",56,2,7,10,3
2017,"US",41,1,2,10,5
2017,"US",65,1,10,10,5
2017,"US",64,2,10,10,5
2017,"US",62,1,4,10,7
2017,"US",20,2,7,10,7
2017,"US",33,1,4,8,5
2017,"US",54,1,3,9,3
2017,"US",68,1,7,10,7
2017,"US",20,2,6,8,4
2017,"US",55,2,7,10,6
2017,"US",31,2,9,6,6
2017,"US",23,1,10,10,5
2017,"US",42,1,8,9,6
2017,"US",60,2,6,10,5
2017,"US",21,1,7,9,8
2017,"US",63,1,6,9,4
2017,"US",68,1,10,10,4
2017,"US",63,1,7,10,7
2017,"US",78,1,8,10,7
2017,"US",64,1,7,10,7
2017,"US",78,1,7,NA,9
2017,"US",65,1,8,9,1
2017,"US",31,1,6,9,4
2017,"US",51,2,10,10,4
2017,"US",67,1,4,10,5
2017,"US",67,2,9,8,7
2017,"US",67,1,8,9,6
2017,"US",65,1,8,9,6
2017,"US",66,1,10,10,4
2017,"US",32,2,8,9,7
2017,"US",81,1,8,10,7
2017,"US",41,1,7,9,NA
2017,"US",30,1,8,9,7
2017,"US",59,1,7,10,6
2017,"US",26,2,6,8,7
2017,"US",34,1,10,9,7
2017,"US",32,1,7,8,6
2017,"US",30,2,3,9,5
2017,"US",47,1,8,10,8
2017,"US",40,2,9,10,7
2017,"US",23,2,5,10,7
2017,"US",58,1,8,9,4
2017,"US",64,1,3,10,6
2017,"US",68,1,7,10,1
2017,"US",20,1,8,8,4
2017,"US",28,2,7,9,5
2017,"US",34,1,5,9,8
2017,"US",26,2,7,10,6
2017,"US",39,1,3,9,5
2017,"US",87,1,4,10,6
2017,"US",27,1,3,10,4
2017,"US",64,1,8,9,5
2017,"US",35,2,7,10,7
2017,"US",29,1,5,8,6
2017,"US",78,1,5,10,8
2017,"US",53,1,8,8,8
2017,"US",65,2,10,10,2
2017,"US",53,2,10,6,3
2017,"US",73,2,10,8,3
2017,"US",60,2,9,10,4
2017,"US",37,1,7,10,7
2017,"US",74,1,8,8,6
2017,"US",51,1,2,10,5
2017,"US",29,2,5,7,6
2017,"US",22,1,6,10,6
2017,"US",32,2,8,10,5
2017,"US",52,1,8,8,7
2017,"US",65,1,8,8,8
2017,"US",27,2,7,8,4
2017,"US",62,1,7,10,7
2017,"US",35,1,3,10,7
2017,"US",32,1,4,9,7
2017,"US",21,1,9,10,5
2017,"US",49,2,9,10,5
2017,"US",26,1,8,10,7
2017,"US",33,1,6,7,6
2017,"US",61,1,7,8,6
2017,"US",19,1,7,8,7
2017,"US",30,2,8,10,5
2017,"US",28,2,8,10,6
2017,"US",59,1,6,10,6
2017,"US",49,1,7,9,7
2017,"US",63,1,5,10,5
2017,"US",30,2,9,10,6
2017,"US",27,2,10,10,6
2017,"US",21,1,10,10,7
2017,"US",32,2,8,10,7
2017,"US",62,1,6,10,6
2017,"US",19,2,6,5,5
2017,"US",48,1,3,10,7
2017,"US",62,1,5,10,2
2017,"US",33,2,6,9,9
2017,"US",54,1,8,10,8
2017,"US",38,1,6,9,8
2017,"US",70,1,3,9,6
2017,"US",63,1,9,10,8
2017,"US",59,1,3,8,4
2017,"US",40,1,8,10,4
2017,"US",66,2,8,10,7
2017,"US",51,1,10,10,6
2017,"US",19,2,6,7,7
2017,"US",65,2,10,10,4
2017,"US",54,1,9,8,4
2017,"US",30,2,8,9,3
2017,"US",34,1,7,10,5
2017,"US",51,1,7,10,4
2017,"US",63,2,10,10,5
2017,"US",46,2,6,10,6
2017,"US",51,1,7,10,5
2017,"US",25,1,4,9,7
2017,"US",48,2,6,10,8
2017,"US",71,1,9,10,7
2017,"US",46,1,8,9,5
2017,"US",45,2,10,9,7
2017,"US",48,1,8,10,7
2017,"US",69,1,8,10,7
2017,"US",66,1,7,10,5
2017,"US",65,1,5,10,8
2017,"US",73,1,10,9,6
2017,"US",61,1,8,10,3
2017,"US",62,1,9,10,7
2017,"US",62,1,8,10,6
2017,"US",37,1,5,7,8
2017,"US",46,2,10,10,5
2017,"US",55,2,10,8,7
2017,"US",66,1,7,10,6
2017,"US",65,1,10,10,4
2017,"US",55,1,8,10,4
2017,"US",40,1,9,10,7
2017,"US",67,1,10,10,7
2017,"US",51,1,8,10,3
2017,"US",22,1,3,10,10
2017,"US",42,2,5,8,5
2017,"US",42,1,10,10,7
2017,"US",34,1,9,10,7
2017,"US",71,1,9,10,2
2017,"US",80,1,9,10,5
2017,"US",23,1,8,9,8
2017,"US",45,1,9,9,10
2017,"US",64,1,8,10,5
2017,"US",72,1,8,10,7
2017,"US",72,2,10,10,4
2017,"US",64,1,7,NA,6
2017,"US",49,2,9,8,3
2017,"US",24,2,5,10,3
2017,"US",63,1,8,10,8
2017,"US",24,2,7,10,NA
2017,"US",43,1,7,8,10
2017,"US",62,2,5,10,5
2017,"US",36,2,8,10,4
2017,"US",28,1,4,10,7
2017,"US",36,1,5,10,5
2017,"US",28,1,8,10,7
2017,"US",24,1,10,10,4
2017,"US",59,1,4,8,4
2017,"US",66,2,8,8,9
2017,"US",69,2,10,10,7
2017,"US",38,2,8,10,5
2017,"US",58,1,10,10,6
2017,"US",55,1,9,10,8
2017,"US",68,1,6,10,8
2017,"US",18,1,10,10,6
2017,"US",36,2,7,10,4
2017,"US",49,1,6,10,5
2017,"US",26,2,1,10,5
2017,"US",22,1,10,10,6
2017,"US",28,2,6,10,5
2017,"US",39,1,5,10,6
2017,"US",43,1,8,10,7
2017,"US",72,1,9,9,7
2017,"US",66,1,3,8,9
2017,"US",34,2,5,10,2
2017,"US",85,1,10,10,6
2017,"US",58,1,7,10,5
2017,"US",52,1,9,9,7
2017,"US",73,1,7,10,6
2017,"US",66,1,5,9,8
2017,"US",68,1,2,10,7
2017,"US",36,2,9,9,6
2017,"US",68,1,10,10,7
2017,"US",65,2,8,10,4
2017,"US",78,1,10,10,7
2017,"US",34,1,3,10,7
2017,"US",33,2,4,10,6
2017,"US",67,1,3,10,7
2017,"US",36,1,9,10,6
2017,"US",38,1,8,9,7
2017,"US",65,1,5,2,4
2017,"US",29,2,8,10,3
2017,"US",84,1,10,10,5
2017,"US",29,2,9,10,8
2017,"US",25,1,10,10,10
2017,"US",60,2,6,10,7
2017,"US",53,1,9,10,8
2017,"US",80,1,5,10,3
2017,"US",25,1,8,10,5
2017,"US",29,1,10,10,3
2017,"US",71,1,6,10,7
2017,"US",28,2,9,9,4
2017,"US",29,1,7,8,6
2017,"US",56,1,7,10,9
2017,"US",53,1,8,10,8
2017,"US",81,1,8,10,8
2017,"US",28,2,6,8,7
2017,"US",23,1,10,10,4
2017,"US",35,1,7,10,7
2017,"US",49,1,3,10,8
2017,"US",40,1,10,10,6
2017,"US",53,1,10,10,7
2017,"US",73,1,7,10,7
2017,"US",41,1,10,10,5
2017,"US",47,1,8,10,3
2017,"US",31,2,6,10,9
2017,"US",21,1,10,1,3
2017,"US",58,1,10,10,6
2017,"US",63,1,6,10,7
2017,"US",61,1,10,10,5
2017,"US",31,2,8,10,2
2017,"US",49,1,6,10,10
2017,"US",29,2,7,10,7
2017,"US",45,2,10,10,4
2017,"US",29,1,10,10,6
2017,"US",31,1,7,10,8
2017,"US",33,1,9,7,7
2017,"US",32,1,10,10,6
2017,"US",63,1,5,10,6
2017,"US",51,1,9,10,8
2017,"US",28,1,5,8,10
2017,"US",26,2,5,10,4
2017,"US",29,1,7,10,6
2017,"US",35,1,7,8,6
2017,"US",66,1,5,10,5
2017,"US",67,1,7,10,7
2017,"US",48,1,6,5,5
2017,"US",34,2,7,10,5
2017,"US",47,1,4,7,9
2017,"US",32,1,7,9,5
2017,"US",21,2,10,8,2
2017,"US",34,1,4,10,6
2017,"US",67,1,6,10,7
2017,"US",29,1,7,8,7
2017,"US",23,2,10,7,5
2017,"US",68,2,10,10,6
2017,"US",63,1,5,10,6
2017,"US",38,1,5,10,5
2017,"US",37,1,10,8,8
2017,"US",52,1,3,10,7
2017,"US",35,1,7,10,8
2017,"US",28,1,10,10,3
2017,"US",26,1,10,6,10
2017,"US",50,1,10,10,4
2017,"US",35,1,7,8,7
2017,"US",46,2,5,10,7
2017,"US",30,2,3,8,8
2017,"US",59,1,4,10,6
2017,"US",54,1,7,3,5
2017,"US",31,1,6,10,6
2017,"US",59,1,10,10,5
2017,"US",35,1,9,8,4
2017,"US",58,1,10,10,7
2017,"US",28,1,7,10,5
2017,"US",70,1,10,10,8
2017,"US",58,1,6,10,8
2017,"US",28,2,10,10,5
2017,"US",43,2,8,4,7
2017,"US",50,1,10,9,6
2017,"US",28,2,7,6,4
2017,"US",28,1,8,10,3
2017,"US",35,2,6,10,7
2017,"US",35,1,10,10,4
2017,"US",32,1,10,10,6
2017,"US",30,2,9,10,4
2017,"US",21,2,10,10,6
2017,"US",46,2,9,10,6
2017,"US",27,2,4,10,2
2017,"US",22,1,9,10,5
2017,"US",28,2,8,9,7
2017,"US",27,1,7,10,6
2017,"US",61,1,5,10,7
2017,"US",30,1,4,10,7
2017,"US",30,2,7,10,6
2017,"US",30,1,7,10,6
2017,"US",27,1,7,8,6
2017,"US",36,2,10,10,7
2017,"US",29,2,4,10,6
2017,"US",55,1,10,10,6
2017,"US",64,1,9,10,9
2017,"US",46,1,7,10,7
2017,"US",44,2,10,10,4
2017,"US",70,1,8,10,8
2017,"US",71,1,10,10,6
2017,"US",58,1,9,10,1
2017,"US",32,1,8,9,5
2017,"US",45,1,10,10,6
2017,"US",29,1,8,10,4
2017,"US",31,1,8,10,3
2017,"US",31,1,10,10,3
2017,"US",69,1,4,10,9
2017,"US",61,1,10,7,6
2017,"US",62,2,10,10,5
2017,"US",52,2,10,10,3
2017,"US",22,1,6,10,6
2017,"US",31,1,9,10,8
2017,"US",45,1,7,5,7
2017,"US",48,1,3,10,5
2017,"US",28,1,8,8,6
2017,"US",72,1,6,10,6
2017,"US",66,1,7,10,7
2017,"US",64,1,6,10,5
2017,"US",55,1,10,10,6
2017,"US",65,1,3,10,8
2017,"US",57,2,8,10,7
2017,"US",59,1,3,9,8
2017,"US",24,2,2,8,5
2017,"US",38,1,7,4,9
2017,"US",30,1,8,7,5
2017,"US",82,1,6,10,1
2017,"US",29,1,6,10,9
2017,"US",32,2,9,10,5
2017,"US",58,1,10,10,3
2017,"US",70,2,8,10,5
2017,"US",30,2,3,8,6
2017,"US",61,1,9,9,7
2017,"US",31,1,10,10,5
2017,"US",31,1,10,10,7
2017,"US",41,1,10,10,7
2017,"US",69,1,6,9,6
2017,"US",60,1,10,10,7
2017,"US",28,2,3,10,7
2017,"US",32,2,7,10,7
2017,"US",29,1,7,10,5
2017,"US",30,2,8,10,4
2017,"US",48,1,10,10,5
2017,"US",46,2,10,10,6
2017,"US",38,1,8,8,6
2017,"US",59,1,9,10,3
2017,"US",32,1,8,10,9
2017,"US",21,1,3,8,8
2017,"US",52,1,6,10,8
2017,"US",38,2,6,8,7
2017,"US",36,2,5,7,7
2017,"US",80,1,10,10,6
2017,"US",43,1,3,9,9
2017,"US",76,2,10,10,8
2017,"US",48,1,1,1,10
2017,"US",74,1,7,10,8
2017,"US",55,1,6,10,6
2017,"US",60,2,10,10,3
2017,"US",60,1,8,10,7
2017,"US",63,2,8,10,4
2017,"US",32,2,4,10,5
2017,"US",47,2,7,10,NA
2017,"US",48,1,8,10,4
2017,"US",42,2,7,10,5
2017,"US",36,1,6,7,7
2017,"US",29,2,10,10,6
2017,"US",29,2,7,10,4
2017,"US",56,1,10,10,7
2017,"US",50,1,10,10,6
2017,"US",67,1,6,10,8
2017,"US",39,1,7,8,3
2017,"US",51,1,3,10,7
2017,"US",49,1,8,8,3
2017,"US",29,2,5,10,5
2017,"US",67,2,10,10,4
2017,"US",19,1,4,10,6
2017,"US",57,1,10,9,7
2017,"US",25,2,7,10,4
2017,"US",22,2,7,9,4
2017,"US",79,1,5,10,8
2017,"US",42,1,7,10,8
2017,"US",68,1,9,10,7
2017,"US",70,1,9,10,7
2017,"US",72,1,8,9,6
2017,"US",28,1,10,10,10
2017,"US",60,1,3,10,3
2017,"US",71,1,5,10,1
2017,"US",68,1,5,10,7
2017,"US",33,1,4,10,9
2017,"US",30,2,7,10,6
2017,"US",29,1,10,10,3
2017,"US",45,1,9,8,5
2017,"US",39,1,3,10,5
2017,"US",61,1,10,NA,8
2017,"US",51,1,2,10,7
2017,"US",46,1,8,10,5
2017,"US",69,1,5,10,7
2017,"US",65,1,8,9,6
2017,"US",33,1,10,10,7
2017,"US",73,1,9,10,4
2017,"US",61,1,10,10,3
2017,"US",40,1,7,10,5
2017,"US",74,1,10,3,2
2017,"US",30,2,4,10,6
2017,"US",46,1,7,10,6
2017,"US",47,1,3,9,8
2017,"US",69,1,7,10,8
2017,"US",69,2,9,10,5
2017,"US",45,1,10,10,4
2017,"US",70,1,8,10,6
2017,"US",32,2,6,10,4
2017,"US",61,1,7,10,6
2017,"US",49,2,9,10,3
2017,"US",59,1,8,10,7
2017,"US",69,1,8,10,6
2017,"US",66,1,10,9,6
2017,"US",57,2,10,10,NA
2017,"US",38,1,10,10,6
2017,"US",48,1,6,10,6
2017,"US",48,1,7,10,7
2017,"US",49,1,4,10,8
2017,"US",77,1,8,10,7
2017,"US",60,1,8,10,8
2017,"US",74,1,6,10,6
2017,"US",75,1,10,10,7
2017,"US",60,1,10,10,5
2017,"US",74,1,8,9,7
2017,"US",39,2,9,10,5
2017,"US",37,1,9,8,6
2017,"US",58,2,8,8,1
2017,"US",70,1,9,10,8
2017,"US",32,1,5,10,5
2017,"US",49,2,7,9,1
2017,"US",41,1,10,10,5
2017,"US",69,2,4,10,3
2017,"US",73,1,10,10,3
2017,"US",72,1,10,10,8
2017,"US",62,1,6,10,7
2017,"US",25,2,7,9,7
2017,"US",59,1,5,10,7
2017,"US",45,1,3,10,7
2017,"US",59,2,5,10,5
2017,"US",50,2,10,9,4
2017,"US",66,1,10,10,4
2017,"US",57,1,5,10,7
2017,"US",56,1,8,10,2
2017,"US",38,2,9,6,7
2017,"US",76,1,9,10,7
2017,"US",56,1,9,8,3
2017,"US",49,1,7,10,6
2017,"US",51,1,10,10,2
2017,"US",45,1,10,10,NA
2017,"US",37,1,7,10,4
2017,"US",34,1,5,10,7
2017,"US",30,2,8,10,6
2017,"US",56,1,8,10,4
2017,"US",34,2,10,10,4
2017,"US",74,2,10,10,5
2017,"US",38,1,2,9,8
2017,"US",45,1,3,9,4
2017,"US",47,1,5,10,5
2017,"US",48,2,8,9,7
2017,"US",41,2,7,10,6
2017,"US",69,1,10,10,7
2017,"US",58,1,7,10,6
2017,"US",70,1,10,1,NA
2017,"US",71,1,8,9,8
2017,"US",72,2,10,10,5
2017,"US",38,1,8,10,5
2017,"US",71,1,3,10,3
2017,"US",60,1,6,10,4
2017,"US",40,2,7,6,5
2017,"US",36,2,9,10,7
2017,"US",25,2,6,8,2
2017,"US",59,1,10,10,7
2017,"US",41,1,9,9,9
2017,"US",48,2,10,10,5
2017,"US",70,1,10,6,7
2017,"US",24,2,8,7,2
2017,"US",37,2,5,10,6
2017,"US",46,1,9,10,4
2017,"US",70,1,7,10,6
2017,"US",35,2,8,10,1
2017,"US",67,2,5,10,5
2017,"US",41,2,10,10,1
2017,"US",23,1,6,10,7
2017,"US",50,1,7,10,4
2017,"US",41,1,10,10,9
2017,"US",40,1,7,8,7
2017,"US",65,1,5,10,5
2017,"US",27,2,7,10,4
2017,"US",46,1,6,10,5
2017,"US",32,1,6,10,3
2017,"US",60,1,3,10,6
2017,"US",51,2,9,10,4
2017,"US",42,1,7,8,7
2017,"US",74,2,9,10,7
2017,"US",39,1,7,10,7
2017,"US",26,2,7,10,3
2017,"US",70,1,6,10,6
2017,"US",56,2,5,10,6
2017,"US",35,1,6,10,7
2017,"US",67,1,10,10,1
2017,"US",57,1,5,10,4
2017,"US",70,1,10,10,7
2017,"US",69,1,3,9,3
2017,"US",34,1,10,9,6
2017,"US",60,2,10,9,6
2017,"US",27,2,7,10,5
2017,"US",28,1,9,10,4
2017,"US",22,1,8,6,3
2017,"US",47,2,8,9,2
2017,"US",67,2,7,10,6
2017,"US",41,1,8,10,6
2017,"US",50,2,9,10,7
2017,"US",42,1,8,10,5
2017,"US",79,2,9,10,4
2017,"US",39,2,10,10,4
2017,"US",65,1,4,2,2
2017,"US",66,1,5,10,5
2017,"US",74,1,3,10,6
2017,"US",59,1,5,10,6
2017,"US",53,2,9,10,8
2017,"US",73,1,10,9,7
2017,"US",40,1,3,10,3
2017,"US",77,1,6,10,6
2017,"US",49,2,5,10,8
2017,"US",81,2,5,10,6
2017,"US",55,1,10,10,6
2017,"US",68,1,4,10,3
2017,"US",54,2,6,10,4
2017,"US",54,2,7,10,8
2017,"US",72,1,3,10,5
2017,"US",71,1,9,10,4
2017,"US",68,2,10,10,6
2017,"US",37,1,10,10,2
2017,"US",33,1,4,5,5
2017,"US",39,2,NA,10,5
2017,"US",51,1,6,10,5
2017,"US",39,2,9,10,6
2017,"US",74,2,10,10,3
2017,"US",53,2,8,10,6
2017,"US",27,1,NA,NA,NA
2017,"US",65,1,7,10,5
2017,"US",68,2,1,5,1
2017,"US",44,2,9,5,3
2017,"US",32,1,NA,5,5
2017,"US",53,2,7,8,8
2017,"US",24,2,10,NA,5
2017,"US",22,2,NA,NA,NA
2017,"US",56,1,10,5,NA
2017,"US",42,2,10,10,5
2017,"US",27,2,7,10,6
2017,"US",21,1,10,NA,NA
2017,"US",22,2,6,10,7
2017,"US",18,1,6,5,NA
2017,"US",24,2,NA,NA,NA
2017,"US",23,2,10,5,4
2017,"US",51,2,8,NA,NA
2017,"US",78,1,5,5,3
2017,"US",49,2,5,5,5
2017,"US",29,2,NA,6,NA
2017,"US",27,2,NA,NA,NA
2017,"US",24,1,NA,NA,NA
2017,"US",31,2,10,10,8
2017,"US",31,1,3,6,NA
2017,"US",26,2,10,7,6
2017,"US",20,1,NA,NA,NA
2017,"US",37,2,NA,NA,NA
2017,"US",51,2,10,10,6
2017,"US",20,2,10,NA,NA
2017,"US",19,1,NA,NA,NA
2017,"US",46,2,10,4,5
2017,"US",31,2,10,NA,NA
2017,"US",37,2,10,NA,5
2017,"US",40,2,NA,NA,NA
2017,"US",20,2,5,5,NA
2017,"US",32,2,10,10,6
2017,"US",29,2,8,9,5
2017,"US",31,2,6,NA,6
2017,"US",39,2,5,5,5
2017,"US",66,2,8,5,2
2017,"US",50,2,5,5,5
2017,"US",55,2,5,6,5
2017,"US",33,1,5,5,5
2017,"US",45,2,7,5,5
2017,"US",35,1,5,8,5
2017,"US",33,2,8,9,NA
2017,"US",23,2,8,3,5
2017,"US",66,2,8,7,6
2017,"US",66,2,10,NA,NA
2017,"US",28,2,8,10,3
2017,"US",25,2,10,10,9
2017,"US",42,2,10,10,4
2017,"US",42,1,10,8,4
2017,"US",27,2,8,10,5
2017,"US",22,1,6,10,8
2017,"US",38,2,10,NA,1
